,Date,Long,Lat
0,2020-08-16 18:00:00,-25.4,10.9
1,2020-08-16 18:10:00,-25.447964310085794,10.894268635959959
2,2020-08-16 18:20:00,-25.495928725790392,10.888539875085439
3,2020-08-16 18:30:00,-25.543893352732614,10.882816320541965
4,2020-08-16 18:40:00,-25.591858296531257,10.877100575495058
5,2020-08-16 18:50:00,-25.639823662805135,10.871395243110243
6,2020-08-16 19:00:00,-25.687789557173048,10.86570292655304
7,2020-08-16 19:10:00,-25.73575608525382,10.860026228988973
8,2020-08-16 19:20:00,-25.783723352666247,10.854367753583563
9,2020-08-16 19:30:00,-25.831691465029134,10.848730103502335
10,2020-08-16 19:40:00,-25.879660527961303,10.843115881910812
11,2020-08-16 19:50:00,-25.927630647081546,10.837527691974515
12,2020-08-16 20:00:00,-25.97560192800869,10.831968136858965
13,2020-08-16 20:10:00,-26.023574476361524,10.826439819729687
14,2020-08-16 20:20:00,-26.07154839775887,10.820945343752205
15,2020-08-16 20:30:00,-26.119523797819536,10.81548731209204
16,2020-08-16 20:40:00,-26.167500782162318,10.810068327914712
17,2020-08-16 20:50:00,-26.215479456406037,10.804690994385748
18,2020-08-16 21:00:00,-26.263459926169496,10.799357914670669
19,2020-08-16 21:10:00,-26.3114422970715,10.794071691934993
20,2020-08-16 21:20:00,-26.359426674730866,10.788834929344251
21,2020-08-16 21:30:00,-26.407413164766396,10.783650230063962
22,2020-08-16 21:40:00,-26.4554018727969,10.778520197259645
23,2020-08-16 21:50:00,-26.50339290444118,10.773447434096829
24,2020-08-16 22:00:00,-26.55138636531806,10.768434543741032
25,2020-08-16 22:10:00,-26.59938236104633,10.76348412935778
26,2020-08-16 22:20:00,-26.64738099724481,10.75859879411259
27,2020-08-16 22:30:00,-26.695382379532305,10.753781141170991
28,2020-08-16 22:40:00,-26.743386613527623,10.749033773698503
29,2020-08-16 22:50:00,-26.791393804849573,10.744359294860647
30,2020-08-16 23:00:00,-26.83940405911696,10.739760307822948
31,2020-08-16 23:10:00,-26.887417481948596,10.735239415750929
32,2020-08-16 23:20:00,-26.935434178963288,10.730799221810111
33,2020-08-16 23:30:00,-26.983454255779847,10.726442329166016
34,2020-08-16 23:40:00,-27.031477818017073,10.722171340984168
35,2020-08-16 23:50:00,-27.079504971293787,10.71798886043009
36,2020-08-17 00:00:00,-27.12753582122879,10.713897490669302
37,2020-08-17 00:10:00,-27.175570473440885,10.70989983486733
38,2020-08-17 00:20:00,-27.22360903354889,10.705998496189697
39,2020-08-17 00:30:00,-27.271651607171606,10.702196077801922
40,2020-08-17 00:40:00,-27.319698301411712,10.698495114131026
41,2020-08-17 00:50:00,-27.367749277798442,10.694895618352266
42,2020-08-17 01:00:00,-27.415804766733547,10.691394413195473
43,2020-08-17 01:10:00,-27.463865003042123,10.68798811648396
44,2020-08-17 01:20:00,-27.51193022154928,10.684673346041025
45,2020-08-17 01:30:00,-27.560000657080103,10.681446719689989
46,2020-08-17 01:40:00,-27.60807654445969,10.678304855254154
47,2020-08-17 01:50:00,-27.65615811851314,10.675244370556834
48,2020-08-17 02:00:00,-27.704245614065556,10.672261883421339
49,2020-08-17 02:10:00,-27.75233926594202,10.669354011670974
50,2020-08-17 02:20:00,-27.800439308967643,10.666517373129054
51,2020-08-17 02:30:00,-27.84854597796752,10.663748585618883
52,2020-08-17 02:40:00,-27.896659507766742,10.661044266963776
53,2020-08-17 02:50:00,-27.94478013319041,10.658401034987037
54,2020-08-17 03:00:00,-27.99290808906362,10.655815507511983
55,2020-08-17 03:10:00,-28.041043610211464,10.653284302361916
56,2020-08-17 03:20:00,-28.089186931459054,10.65080403736015
57,2020-08-17 03:30:00,-28.137338287631472,10.648371330329994
58,2020-08-17 03:40:00,-28.185497913553814,10.645982799094755
59,2020-08-17 03:50:00,-28.23366604405119,10.643635061477745
60,2020-08-17 04:00:00,-28.281842913948694,10.641324735302273
61,2020-08-17 04:10:00,-28.330028758071414,10.639048438391649
62,2020-08-17 04:20:00,-28.378223811244453,10.636802788569183
63,2020-08-17 04:30:00,-28.42642830829291,10.634584403658183
64,2020-08-17 04:40:00,-28.474642484041873,10.632389901481957
65,2020-08-17 04:50:00,-28.52286657331645,10.63021589986382
66,2020-08-17 05:00:00,-28.57110081094173,10.628059016627075
67,2020-08-17 05:10:00,-28.619345431742815,10.625915869595039
68,2020-08-17 05:20:00,-28.6676006705448,10.623783076591018
69,2020-08-17 05:30:00,-28.715866762172784,10.621657255438317
70,2020-08-17 05:40:00,-28.76414394145186,10.61953502396025
71,2020-08-17 05:50:00,-28.812432443207133,10.617412999980129
72,2020-08-17 06:00:00,-28.860732502263687,10.61528780132126
73,2020-08-17 06:10:00,-28.909044353446628,10.613156045806953
74,2020-08-17 06:20:00,-28.957368231581054,10.611014351260517
75,2020-08-17 06:30:00,-29.005704371492055,10.608859335505265
76,2020-08-17 06:40:00,-29.054053008004736,10.606687616364502
77,2020-08-17 06:50:00,-29.102414375944193,10.60449581166154
78,2020-08-17 07:00:00,-29.15078871013552,10.602280539219688
79,2020-08-17 07:10:00,-29.199176245403805,10.600038416862256
80,2020-08-17 07:20:00,-29.24757693310306,10.597768346129289
81,2020-08-17 07:30:00,-29.295989531286725,10.59547884209946
82,2020-08-17 07:40:00,-29.344412484058928,10.593180949108687
83,2020-08-17 07:50:00,-29.39284423552232,10.590885711504745
84,2020-08-17 08:00:00,-29.44128322977954,10.588604173635414
85,2020-08-17 08:10:00,-29.489727910933254,10.586347379848467
86,2020-08-17 08:20:00,-29.538176723086103,10.584126374491682
87,2020-08-17 08:30:00,-29.58662811034074,10.581952201912836
88,2020-08-17 08:40:00,-29.635080516799814,10.579835906459707
89,2020-08-17 08:50:00,-29.68353238656597,10.57778853248007
90,2020-08-17 09:00:00,-29.73198216374187,10.575821124321699
91,2020-08-17 09:10:00,-29.78042829243015,10.573944726332375
92,2020-08-17 09:20:00,-29.828869216733473,10.572170382859872
93,2020-08-17 09:30:00,-29.877303380754483,10.570509138251968
94,2020-08-17 09:40:00,-29.925729228595827,10.568972036856438
95,2020-08-17 09:50:00,-29.97414520436016,10.56757012302106
96,2020-08-17 10:00:00,-30.022549752150127,10.566314441093612
97,2020-08-17 10:10:00,-30.07094131606839,10.565216035421866
98,2020-08-17 10:20:00,-30.119318340217582,10.564285950353602
99,2020-08-17 10:30:00,-30.167679268700365,10.563535230236598
100,2020-08-17 10:40:00,-30.21602254561939,10.562974919418625
101,2020-08-17 10:50:00,-30.264346615077294,10.562616062247463
102,2020-08-17 11:00:00,-30.312649921176742,10.562469703070892
103,2020-08-17 11:10:00,-30.36093090802038,10.562546886236683
104,2020-08-17 11:20:00,-30.409188019710847,10.562858656092615
105,2020-08-17 11:30:00,-30.457419700350812,10.563416056986464
106,2020-08-17 11:40:00,-30.505624394042908,10.564230133266006
107,2020-08-17 11:50:00,-30.553800544889796,10.565311929279023
108,2020-08-17 12:00:00,-30.60194659699412,10.566672489373282
109,2020-08-17 12:10:00,-30.65006099445853,10.568322857896568
110,2020-08-17 12:20:00,-30.698142181385684,10.570274079196652
111,2020-08-17 12:30:00,-30.746188601878224,10.572537197621314
112,2020-08-17 12:40:00,-30.794198700038805,10.575123257518332
113,2020-08-17 12:50:00,-30.84217091997007,10.578043303235477
114,2020-08-17 13:00:00,-30.890103705774674,10.581308379120529
115,2020-08-17 13:10:00,-30.937995501555267,10.584929529521265
116,2020-08-17 13:20:00,-30.985844751414504,10.588917798785458
117,2020-08-17 13:30:00,-31.03364989945503,10.593284231260892
118,2020-08-17 13:40:00,-31.081409389779488,10.598039871295335
119,2020-08-17 13:50:00,-31.129121759220588,10.60319500540894
120,2020-08-17 14:00:00,-31.176786876134912,10.608749038367376
121,2020-08-17 14:10:00,-31.22440560598577,10.614693226175117
122,2020-08-17 14:20:00,-31.271978838324316,10.621018627980815
123,2020-08-17 14:30:00,-31.319507462701704,10.62771630293312
124,2020-08-17 14:40:00,-31.36699236866911,10.63477731018068
125,2020-08-17 14:50:00,-31.414434445777673,10.642192708872148
126,2020-08-17 15:00:00,-31.46183458357857,10.649953558156176
127,2020-08-17 15:10:00,-31.509193671622963,10.658050917181411
128,2020-08-17 15:20:00,-31.556512599462,10.666475845096508
129,2020-08-17 15:30:00,-31.603792256646848,10.675219401050112
130,2020-08-17 15:40:00,-31.651033532728665,10.68427264419088
131,2020-08-17 15:50:00,-31.698237317258616,10.693626633667458
132,2020-08-17 16:00:00,-31.74540449978786,10.7032724286285
133,2020-08-17 16:10:00,-31.79253596986755,10.713201088222654
134,2020-08-17 16:20:00,-31.839632617048856,10.723403671598573
135,2020-08-17 16:30:00,-31.886695330882937,10.733871237904905
136,2020-08-17 16:40:00,-31.933725000920944,10.744594846290305
137,2020-08-17 16:50:00,-31.98072251671405,10.755565555903418
138,2020-08-17 17:00:00,-32.0276887678134,10.7667744258929
139,2020-08-17 17:10:00,-32.07462464377018,10.778212515407398
140,2020-08-17 17:20:00,-32.12153103413553,10.789870883595565
141,2020-08-17 17:30:00,-32.16840882846061,10.80174058960605
142,2020-08-17 17:40:00,-32.21525891629658,10.813812692587508
143,2020-08-17 17:50:00,-32.262082187194615,10.826078251688582
144,2020-08-17 18:00:00,-32.308879530705866,10.838528326057927
145,2020-08-17 18:10:00,-32.35565183638149,10.851153974844195
146,2020-08-17 18:20:00,-32.40239999377265,10.863946257196035
147,2020-08-17 18:30:00,-32.449124892430504,10.876896232262098
148,2020-08-17 18:40:00,-32.49582742190622,10.889994959191036
149,2020-08-17 18:50:00,-32.542508471750956,10.903233497131497
150,2020-08-17 19:00:00,-32.589168931515864,10.916602905232134
151,2020-08-17 19:10:00,-32.635809690752126,10.930094242641594
152,2020-08-17 19:20:00,-32.682431639010865,10.943698568508534
153,2020-08-17 19:30:00,-32.72903566584328,10.9574069419816
154,2020-08-17 19:40:00,-32.77562266080051,10.971210422209444
155,2020-08-17 19:50:00,-32.82219351343371,10.985100068340715
156,2020-08-17 20:00:00,-32.868749113294065,10.999066939524068
157,2020-08-17 20:10:00,-32.91529034993271,11.013102094908149
158,2020-08-17 20:20:00,-32.96181811290082,11.027196593641612
159,2020-08-17 20:30:00,-33.00833329174955,11.041341494873103
160,2020-08-17 20:40:00,-33.05483677603007,11.055527857751281
161,2020-08-17 20:50:00,-33.10132945529352,11.069746741424789
162,2020-08-17 21:00:00,-33.14781221909109,11.083989205042283
163,2020-08-17 21:10:00,-33.194285956973914,11.098246307752408
164,2020-08-17 21:20:00,-33.2407517385038,11.112508591141163
165,2020-08-17 21:30:00,-33.28721167787271,11.126763593296818
166,2020-08-17 21:40:00,-33.333668265160284,11.140997771563608
167,2020-08-17 21:50:00,-33.38012399094227,11.155197581859325
168,2020-08-17 22:00:00,-33.42658134579445,11.169349480101765
169,2020-08-17 22:10:00,-33.473042820292584,11.18343992220872
170,2020-08-17 22:20:00,-33.519510905012424,11.197455364097989
171,2020-08-17 22:30:00,-33.56598809052973,11.211382261687364
172,2020-08-17 22:40:00,-33.61247686742026,11.22520707089464
173,2020-08-17 22:50:00,-33.658979726259794,11.238916247637615
174,2020-08-17 23:00:00,-33.70549915762408,11.252496247834083
175,2020-08-17 23:10:00,-33.75203765208889,11.265933527401836
176,2020-08-17 23:20:00,-33.79859770022998,11.279214542258671
177,2020-08-17 23:30:00,-33.84518179262311,11.292325748322385
178,2020-08-17 23:40:00,-33.891792419844045,11.30525360151077
179,2020-08-17 23:50:00,-33.93843207246854,11.317984557741623
180,2020-08-18 00:00:00,-33.985103241072366,11.330505072932738
181,2020-08-18 00:10:00,-34.03180841623128,11.34280160300191
182,2020-08-18 00:20:00,-34.07855008852105,11.354860603866934
183,2020-08-18 00:30:00,-34.12533074851743,11.366668531445606
184,2020-08-18 00:40:00,-34.172152886796184,11.378211841655718
185,2020-08-18 00:50:00,-34.219018993933076,11.389476990415071
186,2020-08-18 01:00:00,-34.26593156050386,11.400450433641453
187,2020-08-18 01:10:00,-34.31289307708431,11.41111862725266
188,2020-08-18 01:20:00,-34.35990603425018,11.421468027166496
189,2020-08-18 01:30:00,-34.406972922577246,11.431485089300743
190,2020-08-18 01:40:00,-34.45409623264125,11.441156269573206
191,2020-08-18 01:50:00,-34.50127845501796,11.450468023901674
192,2020-08-18 02:00:00,-34.548522080283135,11.459406808203946
193,2020-08-18 02:10:00,-34.595829599012546,11.467959078397813
194,2020-08-18 02:20:00,-34.643203501781954,11.476111290401075
195,2020-08-18 02:30:00,-34.69064627916712,11.48384990013152
196,2020-08-18 02:40:00,-34.7381604217438,11.491161363506952
197,2020-08-18 02:50:00,-34.78574842008776,11.498032136445158
198,2020-08-18 03:00:00,-34.833412412191365,11.504449792580655
199,2020-08-18 03:10:00,-34.88115090667125,11.510413410950529
200,2020-08-18 03:20:00,-34.92896027580251,11.515928842960392
201,2020-08-18 03:30:00,-34.9768368644336,11.521002026960307
202,2020-08-18 03:40:00,-35.02477701741299,11.525638901300342
203,2020-08-18 03:50:00,-35.07277707958915,11.529845404330567
204,2020-08-18 04:00:00,-35.12083339581054,11.533627474401046
205,2020-08-18 04:10:00,-35.168942310925644,11.536991049861847
206,2020-08-18 04:20:00,-35.21710016978292,11.539942069063038
207,2020-08-18 04:30:00,-35.26530331723083,11.542486470354683
208,2020-08-18 04:40:00,-35.31354809811786,11.544630192086851
209,2020-08-18 04:50:00,-35.361830857292475,11.546379172609612
210,2020-08-18 05:00:00,-35.410147939603135,11.547739350273027
211,2020-08-18 05:10:00,-35.45849568989831,11.548716663427166
212,2020-08-18 05:20:00,-35.50687045302647,11.549317050422097
213,2020-08-18 05:30:00,-35.55526857383608,11.549546449607886
214,2020-08-18 05:40:00,-35.60368639717563,11.549410799334602
215,2020-08-18 05:50:00,-35.65212026789355,11.548916037952308
216,2020-08-18 06:00:00,-35.700566530838344,11.548068103811072
217,2020-08-18 06:10:00,-35.749021530858464,11.546872935260966
218,2020-08-18 06:20:00,-35.79748161280238,11.54533647065205
219,2020-08-18 06:30:00,-35.84594312151855,11.543464648334394
220,2020-08-18 06:40:00,-35.89440240185547,11.541263406658068
221,2020-08-18 06:50:00,-35.94285579866159,11.538738683973133
222,2020-08-18 07:00:00,-35.99129965678539,11.53589641862966
223,2020-08-18 07:10:00,-36.03973032107531,11.532742548977717
224,2020-08-18 07:20:00,-36.088144136379846,11.529283013367369
225,2020-08-18 07:30:00,-36.13653744754747,11.52552375014868
226,2020-08-18 07:40:00,-36.184906599426625,11.521470697671726
227,2020-08-18 07:50:00,-36.2332479368658,11.517129794286564
228,2020-08-18 08:00:00,-36.28155780471346,11.512506978343266
229,2020-08-18 08:10:00,-36.32983254781807,11.5076081881919
230,2020-08-18 08:20:00,-36.3780685110281,11.50243936218253
231,2020-08-18 08:30:00,-36.42626219953163,11.49700682993322
232,2020-08-18 08:40:00,-36.474413129496995,11.491324268592471
233,2020-08-18 08:50:00,-36.52252349408705,11.48541188783214
234,2020-08-18 09:00:00,-36.570595579717526,11.479290124883997
235,2020-08-18 09:10:00,-36.61863167280416,11.472979416979827
236,2020-08-18 09:20:00,-36.66663405976271,11.466500201351398
237,2020-08-18 09:30:00,-36.71460502700891,11.459872915230491
238,2020-08-18 09:40:00,-36.76254686095849,11.453117995848887
239,2020-08-18 09:50:00,-36.81046184802721,11.446255880438354
240,2020-08-18 10:00:00,-36.85835227463079,11.439307006230678
241,2020-08-18 10:10:00,-36.906220427185,11.432291810457631
242,2020-08-18 10:20:00,-36.954068592105536,11.425230730350993
243,2020-08-18 10:30:00,-37.00189905580819,11.418144203142537
244,2020-08-18 10:40:00,-37.04971410470866,11.411052666064043
245,2020-08-18 10:50:00,-37.09751602522271,11.403976556347285
246,2020-08-18 11:00:00,-37.14530710376608,11.396936311224044
247,2020-08-18 11:10:00,-37.19308962675451,11.389952367926094
248,2020-08-18 11:20:00,-37.24086588060373,11.383045163685214
249,2020-08-18 11:30:00,-37.288638151729494,11.376235135733179
250,2020-08-18 11:40:00,-37.33640872654753,11.369542721301766
251,2020-08-18 11:50:00,-37.384179891473586,11.362988357622754
252,2020-08-18 12:00:00,-37.43195393292341,11.356592481927919
253,2020-08-18 12:10:00,-37.47973313731273,11.350375531449037
254,2020-08-18 12:20:00,-37.5275197910573,11.344357943417887
255,2020-08-18 12:30:00,-37.57531618057285,11.338560155066244
256,2020-08-18 12:40:00,-37.623124592275126,11.333002603625884
257,2020-08-18 12:50:00,-37.67094731257986,11.327705726328588
258,2020-08-18 13:00:00,-37.71878662790281,11.32268996040613
259,2020-08-18 13:10:00,-37.7666448246597,11.317975743090287
260,2020-08-18 13:20:00,-37.81452418926628,11.313583511612835
261,2020-08-18 13:30:00,-37.862427008138305,11.309533703205556
262,2020-08-18 13:40:00,-37.91035556769148,11.305846755100221
263,2020-08-18 13:50:00,-37.95831215434158,11.302543104528612
264,2020-08-18 14:00:00,-38.00629905307374,11.299643172307213
265,2020-08-18 14:10:00,-38.054317638204225,11.297156929758943
266,2020-08-18 14:20:00,-38.102366813013234,11.29506599423974
267,2020-08-18 14:30:00,-38.150445065686604,11.293347220094939
268,2020-08-18 14:40:00,-38.1985508844102,11.291977461669871
269,2020-08-18 14:50:00,-38.24668275736986,11.290933573309871
270,2020-08-18 15:00:00,-38.294839172751445,11.290192409360282
271,2020-08-18 15:10:00,-38.34301861874079,11.289730824166428
272,2020-08-18 15:20:00,-38.39121958352377,11.289525672073651
273,2020-08-18 15:30:00,-38.439440555286204,11.289553807427282
274,2020-08-18 15:40:00,-38.487680022213965,11.28979208457266
275,2020-08-18 15:50:00,-38.5359364724929,11.290217357855118
276,2020-08-18 16:00:00,-38.58420839430885,11.290806481619992
277,2020-08-18 16:10:00,-38.63249427584769,11.291536310212612
278,2020-08-18 16:20:00,-38.68079260529524,11.29238369797832
279,2020-08-18 16:30:00,-38.72910187083737,11.293325499262448
280,2020-08-18 16:40:00,-38.77742056065993,11.29433856841033
281,2020-08-18 16:50:00,-38.82574716294876,11.295399759767301
282,2020-08-18 17:00:00,-38.87408016588971,11.2964859276787
283,2020-08-18 17:10:00,-38.922418057668644,11.297573926489855
284,2020-08-18 17:20:00,-38.9707593264714,11.298640610546107
285,2020-08-18 17:30:00,-39.01910246048383,11.299662834192787
286,2020-08-18 17:40:00,-39.067445947891805,11.300617451775235
287,2020-08-18 17:50:00,-39.11578827688114,11.30148131763878
288,2020-08-18 18:00:00,-39.16412793563772,11.30223128612876
289,2020-08-18 18:10:00,-39.212463412347375,11.302844211590509
290,2020-08-18 18:20:00,-39.26079319519596,11.303296948369365
291,2020-08-18 18:30:00,-39.309115772369324,11.303566350810659
292,2020-08-18 18:40:00,-39.357429632053325,11.303629273259727
293,2020-08-18 18:50:00,-39.4057332624338,11.303462570061905
294,2020-08-18 19:00:00,-39.454025151696605,11.30304309556253
295,2020-08-18 19:10:00,-39.50230378802762,11.30234770410693
296,2020-08-18 19:20:00,-39.55056765961264,11.30135325004045
297,2020-08-18 19:30:00,-39.59881525463756,11.300036587708416
298,2020-08-18 19:40:00,-39.64704548068927,11.298381708830455
299,2020-08-18 19:50:00,-39.69525905127922,11.296403338380028
300,2020-08-18 20:00:00,-39.74345716589641,11.294124471704789
301,2020-08-18 20:10:00,-39.791641024036515,11.291568104266346
302,2020-08-18 20:20:00,-39.83981182519524,11.288757231526288
303,2020-08-18 20:30:00,-39.88797076886828,11.285714848946204
304,2020-08-18 20:40:00,-39.93611905455132,11.282463951987694
305,2020-08-18 20:50:00,-39.98425788174005,11.279027536112348
306,2020-08-18 21:00:00,-40.03238844993017,11.275428596781763
307,2020-08-18 21:10:00,-40.08051195861736,11.271690129457534
308,2020-08-18 21:20:00,-40.12862960729732,11.267835129601252
309,2020-08-18 21:30:00,-40.17674259546573,11.263886592674513
310,2020-08-18 21:40:00,-40.22485212261831,11.259867514138907
311,2020-08-18 21:50:00,-40.27295938825074,11.255800889456031
312,2020-08-18 22:00:00,-40.321065591858684,11.25170971408748
313,2020-08-18 22:10:00,-40.36917193293787,11.247616983494847
314,2020-08-18 22:20:00,-40.41727961098396,11.243545693139728
315,2020-08-18 22:30:00,-40.46538982549268,11.239518838483711
316,2020-08-18 22:40:00,-40.51350377595969,11.235559414988396
317,2020-08-18 22:50:00,-40.5616226618807,11.231690418115372
318,2020-08-18 23:00:00,-40.6097476827514,11.22793484332624
319,2020-08-18 23:10:00,-40.65788003806747,11.224315686082587
320,2020-08-18 23:20:00,-40.70602092732461,11.220855941846011
321,2020-08-18 23:30:00,-40.75417155001851,11.217578606078105
322,2020-08-18 23:40:00,-40.80233310564487,11.21450667424046
323,2020-08-18 23:50:00,-40.850506793699374,11.211663141794677
324,2020-08-19 00:00:00,-40.89869381367771,11.20907100420234
325,2020-08-19 00:10:00,-40.946895365075584,11.206753256925053
326,2020-08-19 00:20:00,-40.99511264738868,11.204732895424405
327,2020-08-19 00:30:00,-41.04334686011267,11.20303291516199
328,2020-08-19 00:40:00,-41.09159920274328,11.201676311599403
329,2020-08-19 00:50:00,-41.13987087477618,11.200686080198235
330,2020-08-19 01:00:00,-41.18816307570708,11.200085216420087
331,2020-08-19 01:10:00,-41.23647656028342,11.199895119393814
332,2020-08-19 01:20:00,-41.28480827565545,11.200123521657241
333,2020-08-19 01:30:00,-41.33315323500233,11.200771214154882
334,2020-08-19 01:40:00,-41.38150643629519,11.201838933245126
335,2020-08-19 01:50:00,-41.42986287750517,11.203327415286365
336,2020-08-19 02:00:00,-41.478217556603425,11.205237396636996
337,2020-08-19 02:10:00,-41.52656547156106,11.207569613655405
338,2020-08-19 02:20:00,-41.57490162034923,11.210324802699986
339,2020-08-19 02:30:00,-41.62322100093906,11.213503700129138
340,2020-08-19 02:40:00,-41.6715186113017,11.217107042301246
341,2020-08-19 02:50:00,-41.71978944940828,11.221135565574702
342,2020-08-19 03:00:00,-41.76802851322993,11.225590006307904
343,2020-08-19 03:10:00,-41.81623080073779,11.230471100859239
344,2020-08-19 03:20:00,-41.864391309903006,11.235779585587103
345,2020-08-19 03:30:00,-41.91250503869671,11.241516196849885
346,2020-08-19 03:40:00,-41.96056698509002,11.24768167100598
347,2020-08-19 03:50:00,-42.00857214705409,11.25427674441378
348,2020-08-19 04:00:00,-42.056515522560055,11.261302153431673
349,2020-08-19 04:10:00,-42.104392109579045,11.268758634418058
350,2020-08-19 04:20:00,-42.152196906082196,11.276646923731324
351,2020-08-19 04:30:00,-42.19992491004066,11.284967757729865
352,2020-08-19 04:40:00,-42.24757111942555,11.293721872772071
353,2020-08-19 04:50:00,-42.29513053220802,11.302910005216333
354,2020-08-19 05:00:00,-42.34259814635919,11.312532891421046
355,2020-08-19 05:10:00,-42.389968959850215,11.322591267744604
356,2020-08-19 05:20:00,-42.43723797065221,11.333085870545398
357,2020-08-19 05:30:00,-42.48440017673633,11.344017436181819
358,2020-08-19 05:40:00,-42.5314505760737,11.355386701012257
359,2020-08-19 05:50:00,-42.578384166635466,11.367194401395109
360,2020-08-19 06:00:00,-42.62519594639275,11.379441273688768
361,2020-08-19 06:10:00,-42.671880913316706,11.39212805425162
362,2020-08-19 06:20:00,-42.71843411375932,11.405255401512715
363,2020-08-19 06:30:00,-42.764852516375406,11.418820877557183
364,2020-08-19 06:40:00,-42.81113561123433,11.432817983108611
365,2020-08-19 06:50:00,-42.85728305938008,11.447239943493706
366,2020-08-19 07:00:00,-42.90329452185665,11.462079984039162
367,2020-08-19 07:10:00,-42.94916965970802,11.477331330071678
368,2020-08-19 07:20:00,-42.994908133978186,11.492987206917952
369,2020-08-19 07:30:00,-43.04050960571114,11.509040839904685
370,2020-08-19 07:40:00,-43.085973735950866,11.525485454358574
371,2020-08-19 07:50:00,-43.131300185741345,11.542314275606312
372,2020-08-19 08:00:00,-43.17648861612659,11.559520528974605
373,2020-08-19 08:10:00,-43.22153868815058,11.57709743979015
374,2020-08-19 08:20:00,-43.266450062857295,11.595038233379642
375,2020-08-19 08:30:00,-43.31122240129074,11.613336135069783
376,2020-08-19 08:40:00,-43.355855364494886,11.631984370187268
377,2020-08-19 08:50:00,-43.400348613513735,11.650976164058795
378,2020-08-19 09:00:00,-43.44470180939127,11.67030474201107
379,2020-08-19 09:10:00,-43.48891461317149,11.689963329370782
380,2020-08-19 09:20:00,-43.532986685898365,11.709945151464632
381,2020-08-19 09:30:00,-43.57691768861591,11.730243433619323
382,2020-08-19 09:40:00,-43.620707282368095,11.750851401161547
383,2020-08-19 09:50:00,-43.66435512819892,11.77176227941801
384,2020-08-19 10:00:00,-43.70786088715237,11.792969293715402
385,2020-08-19 10:10:00,-43.751224220272434,11.814465669380425
386,2020-08-19 10:20:00,-43.79444478860311,11.83624463173978
387,2020-08-19 10:30:00,-43.83752225318837,11.858299406120162
388,2020-08-19 10:40:00,-43.88045627507221,11.88062321784827
389,2020-08-19 10:50:00,-43.923246515298615,11.903209292250802
390,2020-08-19 11:00:00,-43.9658926349116,11.926050854654456
391,2020-08-19 11:10:00,-44.00839429495513,11.949141130385936
392,2020-08-19 11:20:00,-44.0507511564732,11.972473344771931
393,2020-08-19 11:30:00,-44.0929628805098,11.996040723139146
394,2020-08-19 11:40:00,-44.1350292998247,12.019836897348178
395,2020-08-19 11:50:00,-44.17695139010635,12.043858205121792
396,2020-08-19 12:00:00,-44.218730593795065,12.068102089209065
397,2020-08-19 12:10:00,-44.26036835471616,12.092565995638052
398,2020-08-19 12:20:00,-44.30186611669496,12.117247370436813
399,2020-08-19 12:30:00,-44.34322532355681,12.14214365963341
400,2020-08-19 12:40:00,-44.384447419127014,12.167252309255899
401,2020-08-19 12:50:00,-44.425533847230916,12.192570765332341
402,2020-08-19 13:00:00,-44.46648605169383,12.218096473890792
403,2020-08-19 13:10:00,-44.50730547634108,12.243826880959316
404,2020-08-19 13:20:00,-44.547993564998,12.269759432565968
405,2020-08-19 13:30:00,-44.58855176148992,12.295891574738809
406,2020-08-19 13:40:00,-44.628981509642145,12.322220753505897
407,2020-08-19 13:50:00,-44.66928425328002,12.34874441489529
408,2020-08-19 14:00:00,-44.709461436228864,12.375460004935048
409,2020-08-19 14:10:00,-44.74951450231401,12.402364969653235
410,2020-08-19 14:20:00,-44.789444895360774,12.429456755077902
411,2020-08-19 14:30:00,-44.829254059194476,12.456732807237112
412,2020-08-19 14:40:00,-44.86894343764046,12.484190572158923
413,2020-08-19 14:50:00,-44.90851447452404,12.511827495871396
414,2020-08-19 15:00:00,-44.94796861367055,12.539641024402588
415,2020-08-19 15:10:00,-44.98730729890531,12.56762860378056
416,2020-08-19 15:20:00,-45.02653197405364,12.595787680033368
417,2020-08-19 15:30:00,-45.06564408294087,12.624115699189076
418,2020-08-19 15:40:00,-45.10464506939234,12.652610107275741
419,2020-08-19 15:50:00,-45.143536377233346,12.68126835032142
420,2020-08-19 16:00:00,-45.18231945028924,12.710087874354171
421,2020-08-19 16:10:00,-45.22099573238535,12.739066125402056
422,2020-08-19 16:20:00,-45.25956666734698,12.768200549493134
423,2020-08-19 16:30:00,-45.29803369899946,12.797488592655464
424,2020-08-19 16:40:00,-45.336398271168136,12.826927700917105
425,2020-08-19 16:50:00,-45.37466182767831,12.85651532030611
426,2020-08-19 17:00:00,-45.41282581235532,12.886248896850551
427,2020-08-19 17:10:00,-45.45089166902449,12.916125876578477
428,2020-08-19 17:20:00,-45.488860841511155,12.94614370551795
429,2020-08-19 17:30:00,-45.526734773640634,12.976299829697027
430,2020-08-19 17:40:00,-45.564514909238234,13.00659169514377
431,2020-08-19 17:50:00,-45.60220269212931,13.037016747886238
432,2020-08-19 18:00:00,-45.63979956613916,13.067572433952488
433,2020-08-19 18:10:00,-45.67730697509314,13.098256199370583
434,2020-08-19 18:20:00,-45.71472636281655,13.129065490168573
435,2020-08-19 18:30:00,-45.75205917313473,13.159997752374528
436,2020-08-19 18:40:00,-45.78930684987301,13.191050432016501
437,2020-08-19 18:50:00,-45.82647124248224,13.22222036868789
438,2020-08-19 19:00:00,-45.86355820990677,13.25349840754748
439,2020-08-19 19:10:00,-45.900575897876614,13.28487197487153
440,2020-08-19 19:20:00,-45.93753247877091,13.316328457094187
441,2020-08-19 19:30:00,-45.97443612496885,13.347855240649599
442,2020-08-19 19:40:00,-46.01129500884957,13.379439711971916
443,2020-08-19 19:50:00,-46.048117302792264,13.411069257495283
444,2020-08-19 20:00:00,-46.084911179176075,13.442731263653862
445,2020-08-19 20:10:00,-46.121684810380174,13.474413116881793
446,2020-08-19 20:20:00,-46.158446368783736,13.506102203613228
447,2020-08-19 20:30:00,-46.19520402676591,13.537785910282315
448,2020-08-19 20:40:00,-46.23196595670587,13.569451623323209
449,2020-08-19 20:50:00,-46.26874033098278,13.601086729170055
450,2020-08-19 21:00:00,-46.305535321975796,13.632678614257005
451,2020-08-19 21:10:00,-46.3423591020641,13.66421466501821
452,2020-08-19 21:20:00,-46.37921984362684,13.695682267887813
453,2020-08-19 21:30:00,-46.416125719043194,13.727068809299974
454,2020-08-19 21:40:00,-46.45308490069232,13.758361675688835
455,2020-08-19 21:50:00,-46.49010556095338,13.78954825348855
456,2020-08-19 22:00:00,-46.52719587220554,13.820615929133263
457,2020-08-19 22:10:00,-46.56436400682796,13.85155208905713
458,2020-08-19 22:20:00,-46.601618137199814,13.882344119694299
459,2020-08-19 22:30:00,-46.638966435700276,13.91297940747892
460,2020-08-19 22:40:00,-46.67641707470849,13.943445338845143
461,2020-08-19 22:50:00,-46.71397822660362,13.973729300227113
462,2020-08-19 23:00:00,-46.75165806376485,14.003818678058988
463,2020-08-19 23:10:00,-46.789464758571334,14.033700858774909
464,2020-08-19 23:20:00,-46.82740648340223,14.063363228809033
465,2020-08-19 23:30:00,-46.865491410636714,14.092793174595505
466,2020-08-19 23:40:00,-46.90372771265395,14.121978082568479
467,2020-08-19 23:50:00,-46.94212356183309,14.150905339162101
468,2020-08-20 00:00:00,-46.98068713055332,14.179562330810525
469,2020-08-20 00:10:00,-47.01942659119379,14.207936443947894
470,2020-08-20 00:20:00,-47.05835011613365,14.23601506500836
471,2020-08-20 00:30:00,-47.0974658777521,14.26378558042608
472,2020-08-20 00:40:00,-47.13678204842828,14.291235376635196
473,2020-08-20 00:50:00,-47.17630680054136,14.318351840069862
474,2020-08-20 01:00:00,-47.21604830647051,14.345122357164222
475,2020-08-20 01:10:00,-47.25601473859489,14.37153431435243
476,2020-08-20 01:20:00,-47.296214269293664,14.39757509806864
477,2020-08-20 01:30:00,-47.33665340311431,14.423234603677164
478,2020-08-20 01:40:00,-47.37732979073366,14.44851604547807
479,2020-08-20 01:50:00,-47.418238156151574,14.473427040390868
480,2020-08-20 02:00:00,-47.45937322151376,14.497975208124243
481,2020-08-20 02:10:00,-47.50072970896592,14.52216816838687
482,2020-08-20 02:20:00,-47.5423023406538,14.546013540887426
483,2020-08-20 02:30:00,-47.5840858387231,14.569518945334593
484,2020-08-20 02:40:00,-47.626074925319536,14.592692001437051
485,2020-08-20 02:50:00,-47.66826432258883,14.615540328903476
486,2020-08-20 03:00:00,-47.71064875267672,14.63807154744255
487,2020-08-20 03:10:00,-47.75322293772889,14.660293276762951
488,2020-08-20 03:20:00,-47.79598159989107,14.682213136573358
489,2020-08-20 03:30:00,-47.83891946130898,14.703838746582454
490,2020-08-20 03:40:00,-47.88203124412834,14.725177726498913
491,2020-08-20 03:50:00,-47.925311670494864,14.746237696031418
492,2020-08-20 04:00:00,-47.96875546255426,14.767026274888645
493,2020-08-20 04:10:00,-48.01235734245227,14.787551082779276
494,2020-08-20 04:20:00,-48.05611203233459,14.807819739411988
495,2020-08-20 04:30:00,-48.100014254346945,14.827839864495463
496,2020-08-20 04:40:00,-48.14405873063505,14.847619077738377
497,2020-08-20 04:50:00,-48.188240183344625,14.867164998849413
498,2020-08-20 05:00:00,-48.232553334621386,14.886485247537248
499,2020-08-20 05:10:00,-48.276992906611056,14.905587443510564
500,2020-08-20 05:20:00,-48.32155362145935,14.924479206478034
501,2020-08-20 05:30:00,-48.366230201311964,14.94316815614834
502,2020-08-20 05:40:00,-48.41101736831466,14.961661912230165
503,2020-08-20 05:50:00,-48.45590984461312,14.979968094432188
504,2020-08-20 06:00:00,-48.500902352353066,14.998094322463082
505,2020-08-20 06:10:00,-48.54598961368023,15.016048216031532
506,2020-08-20 06:20:00,-48.591166350740316,15.033837394846215
507,2020-08-20 06:30:00,-48.636427285679055,15.051469478615811
508,2020-08-20 06:40:00,-48.681767140642144,15.068952087048999
509,2020-08-20 06:50:00,-48.72718063777532,15.086292839854458
510,2020-08-20 07:00:00,-48.77266249922429,15.103499356740864
511,2020-08-20 07:10:00,-48.818207447134775,15.120579257416903
512,2020-08-20 07:20:00,-48.86381020365249,15.137540161591252
513,2020-08-20 07:30:00,-48.90946549092317,15.154389688972588
514,2020-08-20 07:40:00,-48.955168031092505,15.171135459269593
515,2020-08-20 07:50:00,-49.00091254630622,15.187785092190941
516,2020-08-20 08:00:00,-49.04669375871005,15.204346207445317
517,2020-08-20 08:10:00,-49.09250639044969,15.220826424741398
518,2020-08-20 08:20:00,-49.13834516367088,15.237233363787864
519,2020-08-20 08:30:00,-49.1842048005193,15.253574644293392
520,2020-08-20 08:40:00,-49.23008002314072,15.269857885966667
521,2020-08-20 08:50:00,-49.27596555368082,15.286090708516362
522,2020-08-20 09:00:00,-49.321856114285325,15.302280731651159
523,2020-08-20 09:10:00,-49.36774642709996,15.318435575079736
524,2020-08-20 09:20:00,-49.413631214270424,15.334562858510774
525,2020-08-20 09:30:00,-49.45950519794247,15.350670201652948
526,2020-08-20 09:40:00,-49.505363100261775,15.366765224214943
527,2020-08-20 09:50:00,-49.551199643374076,15.382855545905437
528,2020-08-20 10:00:00,-49.5970095494251,15.398948786433108
529,2020-08-20 10:10:00,-49.64278845511834,15.415051359672523
530,2020-08-20 10:20:00,-49.68853644923056,15.431163809490018
531,2020-08-20 10:30:00,-49.734254973285395,15.447284896170443
532,2020-08-20 10:40:00,-49.779945469118346,15.46341337958745
533,2020-08-20 10:50:00,-49.825609378564955,15.479548019614686
534,2020-08-20 11:00:00,-49.87124814346071,15.495687576125794
535,2020-08-20 11:10:00,-49.916863205641164,15.511830808994425
536,2020-08-20 11:20:00,-49.9624560069418,15.52797647809423
537,2020-08-20 11:30:00,-50.00802798919814,15.544123343298843
538,2020-08-20 11:40:00,-50.053580594245716,15.560270164481926
539,2020-08-20 11:50:00,-50.099115263920034,15.576415701517117
540,2020-08-20 12:00:00,-50.14463344005661,15.592558714278065
541,2020-08-20 12:10:00,-50.190136564490956,15.608697962638418
542,2020-08-20 12:20:00,-50.2356260790586,15.624832206471822
543,2020-08-20 12:30:00,-50.28110342559505,15.640960205651925
544,2020-08-20 12:40:00,-50.32657004593583,15.657080720052376
545,2020-08-20 12:50:00,-50.37202738191645,15.673192509546817
546,2020-08-20 13:00:00,-50.417476875372415,15.689294334008899
547,2020-08-20 13:10:00,-50.46291996813927,15.705384953312269
548,2020-08-20 13:20:00,-50.508358102052505,15.721463127330573
549,2020-08-20 13:30:00,-50.553792718947655,15.737527615937458
550,2020-08-20 13:40:00,-50.59922526066022,15.75357717900657
551,2020-08-20 13:50:00,-50.64465716902573,15.769610576411559
552,2020-08-20 14:00:00,-50.690089885879694,15.78562656802607
553,2020-08-20 14:10:00,-50.735524853057626,15.80162391372375
554,2020-08-20 14:20:00,-50.780963512395054,15.817601373378249
555,2020-08-20 14:30:00,-50.82640730572748,15.833557706863209
556,2020-08-20 14:40:00,-50.87185767489043,15.849491674052281
557,2020-08-20 14:50:00,-50.91731606171942,15.86540203481911
558,2020-08-20 15:00:00,-50.96278390804996,15.881287549037346
559,2020-08-20 15:10:00,-51.008262655717566,15.897146976580633
560,2020-08-20 15:20:00,-51.05375374655776,15.91297907732262
561,2020-08-20 15:30:00,-51.09925862240607,15.928782611136953
562,2020-08-20 15:40:00,-51.14477872509798,15.94455633789728
563,2020-08-20 15:50:00,-51.19031549646904,15.960299017477247
564,2020-08-20 16:00:00,-51.23587037835475,15.9760094097505
565,2020-08-20 16:10:00,-51.28144481259062,15.991686274590691
566,2020-08-20 16:20:00,-51.32704024101218,16.007328371871463
567,2020-08-20 16:30:00,-51.372658105454946,16.022934461466466
568,2020-08-20 16:40:00,-51.41829984775442,16.03850330324934
569,2020-08-20 16:50:00,-51.463966909746134,16.054033657093736
570,2020-08-20 17:00:00,-51.50966073326559,16.069524282873306
571,2020-08-20 17:10:00,-51.555382760148326,16.084973940461694
572,2020-08-20 17:20:00,-51.60113443222749,16.100381389719118
573,2020-08-20 17:30:00,-51.646917025557165,16.115744441816318
574,2020-08-20 17:40:00,-51.692731200564474,16.13105738492983
575,2020-08-20 17:50:00,-51.73857747480324,16.14631368962769
576,2020-08-20 18:00:00,-51.78445636582729,16.161506826477943
577,2020-08-20 18:10:00,-51.83036839119045,16.17663026604862
578,2020-08-20 18:20:00,-51.87631406844654,16.191677478907764
579,2020-08-20 18:30:00,-51.922293915149375,16.206641935623416
580,2020-08-20 18:40:00,-51.968308448852795,16.22151710676362
581,2020-08-20 18:50:00,-52.01435818711063,16.2362964628964
582,2020-08-20 19:00:00,-52.060443647476674,16.250973474589806
583,2020-08-20 19:10:00,-52.106565347504784,16.26554161241188
584,2020-08-20 19:20:00,-52.15272380474876,16.27999434693065
585,2020-08-20 19:30:00,-52.19891953676244,16.29432514871417
586,2020-08-20 19:40:00,-52.24515306109965,16.30852748833046
587,2020-08-20 19:50:00,-52.2914248953142,16.32259483634757
588,2020-08-20 20:00:00,-52.33773555695992,16.33652066333354
589,2020-08-20 20:10:00,-52.38408556359063,16.350298439856413
590,2020-08-20 20:20:00,-52.43047543276018,16.363921636484214
591,2020-08-20 20:30:00,-52.47690568202235,16.377383723784998
592,2020-08-20 20:40:00,-52.523376828931006,16.390678172326794
593,2020-08-20 20:50:00,-52.56988939103994,16.403798452677645
594,2020-08-20 21:00:00,-52.616443885903,16.41673803540559
595,2020-08-20 21:10:00,-52.66304083107401,16.429490391078662
596,2020-08-20 21:20:00,-52.70968074410677,16.442048990264908
597,2020-08-20 21:30:00,-52.756364142555114,16.454407303532367
598,2020-08-20 21:40:00,-52.803091543972876,16.46655880144907
599,2020-08-20 21:50:00,-52.849863465913884,16.47849695458307
600,2020-08-20 22:00:00,-52.89668042593193,16.490215233502393
601,2020-08-20 22:10:00,-52.94354294158089,16.50170710877508
602,2020-08-20 22:20:00,-52.990451530414546,16.51296605096918
603,2020-08-20 22:30:00,-53.037406709986726,16.52398553065272
604,2020-08-20 22:40:00,-53.08440899785128,16.53475901839374
605,2020-08-20 22:50:00,-53.131458911562,16.545279984760285
606,2020-08-20 23:00:00,-53.17855696867273,16.555541900320396
607,2020-08-20 23:10:00,-53.22570368673729,16.56553823564211
608,2020-08-20 23:20:00,-53.2728995833095,16.57526246129346
609,2020-08-20 23:30:00,-53.320145175943196,16.584708047842494
610,2020-08-20 23:40:00,-53.36744098219218,16.59386846585724
611,2020-08-20 23:50:00,-53.41478751008857,16.602737254625684
612,2020-08-21 00:00:00,-53.46218459880405,16.611312780712275
613,2020-08-21 00:10:00,-53.50963099041353,16.619601328611715
614,2020-08-21 00:20:00,-53.5571253251923,16.627609917522985
615,2020-08-21 00:30:00,-53.6046662434157,16.635345566645075
616,2020-08-21 00:40:00,-53.65225238535906,16.64281529517697
617,2020-08-21 00:50:00,-53.699882391297685,16.65002612231765
618,2020-08-21 01:00:00,-53.747554901506895,16.656985067266106
619,2020-08-21 01:10:00,-53.79526855626202,16.663699149221312
620,2020-08-21 01:20:00,-53.8430219958384,16.670175387382265
621,2020-08-21 01:30:00,-53.89081386051134,16.676420800947945
622,2020-08-21 01:40:00,-53.93864279055614,16.682442409117332
623,2020-08-21 01:50:00,-53.98650742624815,16.688247231089424
624,2020-08-21 02:00:00,-54.0344064078627,16.693842286063187
625,2020-08-21 02:10:00,-54.08233837567509,16.699234593237623
626,2020-08-21 02:20:00,-54.13030196996065,16.704431171811713
627,2020-08-21 02:30:00,-54.1782958309947,16.70943904098443
628,2020-08-21 02:40:00,-54.22631859905257,16.71426521995478
629,2020-08-21 02:50:00,-54.27436891440957,16.718916727921727
630,2020-08-21 03:00:00,-54.322445417341044,16.723400584084263
631,2020-08-21 03:10:00,-54.370546748122294,16.727723807641382
632,2020-08-21 03:20:00,-54.41867154702864,16.731893417792055
633,2020-08-21 03:30:00,-54.46681845433542,16.73591643373528
634,2020-08-21 03:40:00,-54.51498611031794,16.739799874670034
635,2020-08-21 03:50:00,-54.56317315525155,16.743550759795294
636,2020-08-21 04:00:00,-54.611378229411535,16.74717610831006
637,2020-08-21 04:10:00,-54.659599973073234,16.750682939413313
638,2020-08-21 04:20:00,-54.70783702651198,16.754078272304035
639,2020-08-21 04:30:00,-54.756088030003085,16.757369126181214
640,2020-08-21 04:40:00,-54.80435162382187,16.760562520243823
641,2020-08-21 04:50:00,-54.852626448243655,16.763665473690867
642,2020-08-21 05:00:00,-54.90091114354377,16.76668500572131
643,2020-08-21 05:10:00,-54.94920434999754,16.769628135534155
644,2020-08-21 05:20:00,-54.99750470788026,16.772501882328378
645,2020-08-21 05:30:00,-55.04581085746729,16.775313265302962
646,2020-08-21 05:40:00,-55.094121439033934,16.778069303656896
647,2020-08-21 05:50:00,-55.1424350928555,16.780777016589163
648,2020-08-21 06:00:00,-55.19075045920734,16.78344342329875
649,2020-08-21 06:10:00,-55.23906617836475,16.786075542984637
650,2020-08-21 06:20:00,-55.28738089060307,16.788680394845812
651,2020-08-21 06:30:00,-55.33569323619762,16.791264998081264
652,2020-08-21 06:40:00,-55.38400185542372,16.79383637188997
653,2020-08-21 06:50:00,-55.432305388556685,16.79640153547092
654,2020-08-21 07:00:00,-55.480602475871834,16.7989675080231
655,2020-08-21 07:10:00,-55.52889181613041,16.80154101045749
656,2020-08-21 07:20:00,-55.577172989041436,16.804124270702363
657,2020-08-21 07:30:00,-55.625446255461085,16.80671604272042
658,2020-08-21 07:40:00,-55.67371189394068,16.80931499022607
659,2020-08-21 07:50:00,-55.721970183031544,16.811919776933735
660,2020-08-21 08:00:00,-55.77022140128502,16.814529066557814
661,2020-08-21 08:10:00,-55.81846582725241,16.817141522812733
662,2020-08-21 08:20:00,-55.86670373948507,16.81975580941291
663,2020-08-21 08:30:00,-55.914935416534306,16.822370590072754
664,2020-08-21 08:40:00,-55.963161136951456,16.824984528506683
665,2020-08-21 08:50:00,-56.01138117928784,16.827596288429106
666,2020-08-21 09:00:00,-56.059595822094785,16.830204533554447
667,2020-08-21 09:10:00,-56.10780534392364,16.83280792759712
668,2020-08-21 09:20:00,-56.156010023325685,16.835405134271532
669,2020-08-21 09:30:00,-56.20421013885229,16.837994817292103
670,2020-08-21 09:40:00,-56.25240596905477,16.84057564037325
671,2020-08-21 09:50:00,-56.30059779248444,16.843146267229383
672,2020-08-21 10:00:00,-56.34878588769265,16.845705361574918
673,2020-08-21 10:10:00,-56.3969705332307,16.848251587124274
674,2020-08-21 10:20:00,-56.44515200764994,16.85078360759186
675,2020-08-21 10:30:00,-56.49333058950169,16.8533000866921
676,2020-08-21 10:40:00,-56.541506557337264,16.855799688139403
677,2020-08-21 10:50:00,-56.58968018970801,16.858281075648183
678,2020-08-21 11:00:00,-56.63785176516524,16.860742912932853
679,2020-08-21 11:10:00,-56.68602156226027,16.86318386370783
680,2020-08-21 11:20:00,-56.734189859544465,16.865602591687534
681,2020-08-21 11:30:00,-56.782356935569126,16.867997760586373
682,2020-08-21 11:40:00,-56.83052306888559,16.870368034118766
683,2020-08-21 11:50:00,-56.87868853804516,16.872712075999132
684,2020-08-21 12:00:00,-56.9268536215992,16.875028549941877
685,2020-08-21 12:10:00,-56.97501859809901,16.87731611966142
686,2020-08-21 12:20:00,-57.023183746095924,16.879573448872176
687,2020-08-21 12:30:00,-57.07134934414127,16.88179920128856
688,2020-08-21 12:40:00,-57.11951567078637,16.883992040624985
689,2020-08-21 12:50:00,-57.167683004582564,16.886150630595864
690,2020-08-21 13:00:00,-57.215851624081175,16.88827363491562
691,2020-08-21 13:10:00,-57.26402180783353,16.890359717298665
692,2020-08-21 13:20:00,-57.31219383439093,16.892407541459413
693,2020-08-21 13:30:00,-57.36036798230476,16.89441577111228
694,2020-08-21 13:40:00,-57.408544530126285,16.896383069971673
695,2020-08-21 13:50:00,-57.45672375640687,16.898308101752015
696,2020-08-21 14:00:00,-57.50490593961058,16.900189531459233
697,2020-08-21 14:10:00,-57.55309124799141,16.902027655592068
698,2020-08-21 14:20:00,-57.601279524065816,16.90382759269849
699,2020-08-21 14:30:00,-57.6494705504596,16.90559534791592
700,2020-08-21 14:40:00,-57.69766410979859,16.907336926381756
701,2020-08-21 14:50:00,-57.74585998470863,16.909058333233425
702,2020-08-21 15:00:00,-57.794057957815525,16.910765573608327
703,2020-08-21 15:10:00,-57.8422578117451,16.91246465264388
704,2020-08-21 15:20:00,-57.890459329123196,16.9141615754775
705,2020-08-21 15:30:00,-57.938662292575614,16.91586234724659
706,2020-08-21 15:40:00,-57.9868664847282,16.91757297308857
707,2020-08-21 15:50:00,-58.03507168820677,16.91929945814085
708,2020-08-21 16:00:00,-58.08327768563715,16.921047807540837
709,2020-08-21 16:10:00,-58.13148425964517,16.922824026425953
710,2020-08-21 16:20:00,-58.17969119285665,16.924634119933604
711,2020-08-21 16:30:00,-58.22789826789741,16.9264840932012
712,2020-08-21 16:40:00,-58.276105267393284,16.92837995136616
713,2020-08-21 16:50:00,-58.32431197397009,16.930327699565893
714,2020-08-21 17:00:00,-58.372518170253656,16.93233334293781
715,2020-08-21 17:10:00,-58.4207236388698,16.934402886619324
716,2020-08-21 17:20:00,-58.46892816244436,16.93654233574785
717,2020-08-21 17:30:00,-58.51713152360315,16.938757695460797
718,2020-08-21 17:40:00,-58.56533350497201,16.94105497089557
719,2020-08-21 17:50:00,-58.61353388917675,16.9434401671896
720,2020-08-21 18:00:00,-58.6617324588432,16.945919289480287
721,2020-08-21 18:10:00,-58.709928996597185,16.948498342905044
722,2020-08-21 18:20:00,-58.758123285064514,16.951183332601282
723,2020-08-21 18:30:00,-58.80631510687104,16.953980263706413
724,2020-08-21 18:40:00,-58.85450424464257,16.956895141357858
725,2020-08-21 18:50:00,-58.90269048100494,16.959933970693022
726,2020-08-21 19:00:00,-58.95087359858396,16.963102756849313
727,2020-08-21 19:10:00,-58.99905338000547,16.966407504964153
728,2020-08-21 19:20:00,-59.0472296078953,16.96985422017495
729,2020-08-21 19:30:00,-59.095402064879245,16.97344890761911
730,2020-08-21 19:40:00,-59.14357053358315,16.977197572434054
731,2020-08-21 19:50:00,-59.19173479663284,16.98110621975719
732,2020-08-21 20:00:00,-59.23989463665414,16.985180854725936
733,2020-08-21 20:10:00,-59.28804983627287,16.989427482477698
734,2020-08-21 20:20:00,-59.336200178114865,16.993852108149888
735,2020-08-21 20:30:00,-59.384345444805945,16.99846073687992
736,2020-08-21 20:40:00,-59.43248545948021,17.00325762712079
737,2020-08-21 20:50:00,-59.480620502508394,17.00822732165643
738,2020-08-21 21:00:00,-59.528751142887614,17.013341917936447
739,2020-08-21 21:10:00,-59.57687795414735,17.018573317977246
740,2020-08-21 21:20:00,-59.62500150981711,17.023893423795254
741,2020-08-21 21:30:00,-59.6731223834264,17.029274137406876
742,2020-08-21 21:40:00,-59.721241148504724,17.03468736082854
743,2020-08-21 21:50:00,-59.76935837858158,17.040104996076657
744,2020-08-21 22:00:00,-59.81747464718647,17.04549894516764
745,2020-08-21 22:10:00,-59.86559052784891,17.05084111011792
746,2020-08-21 22:20:00,-59.91370659409839,17.056103392943896
747,2020-08-21 22:30:00,-59.96182341946441,17.06125769566199
748,2020-08-21 22:40:00,-60.00994157747648,17.066275920288625
749,2020-08-21 22:50:00,-60.0580616416641,17.071129968840207
750,2020-08-21 23:00:00,-60.10618418555677,17.075791743333166
751,2020-08-21 23:10:00,-60.15430978268398,17.080233145783904
752,2020-08-21 23:20:00,-60.20243900657527,17.084426078208846
753,2020-08-21 23:30:00,-60.2505724307601,17.088342442624416
754,2020-08-21 23:40:00,-60.298710628768,17.09195414104701
755,2020-08-21 23:50:00,-60.34685417412847,17.095233075493063
756,2020-08-22 00:00:00,-60.395003640371,17.098151147978985
757,2020-08-22 00:10:00,-60.443159601025094,17.100680260521187
758,2020-08-22 00:20:00,-60.491322629620264,17.102792315136096
759,2020-08-22 00:30:00,-60.539493299686015,17.10445921384012
760,2020-08-22 00:40:00,-60.587672184751824,17.105652858649673
761,2020-08-22 00:50:00,-60.63585985834722,17.106345151581188
762,2020-08-22 01:00:00,-60.6840568940017,17.106507994651064
763,2020-08-22 01:10:00,-60.73226386524476,17.10611328987573
764,2020-08-22 01:20:00,-60.78048134560591,17.10513293927159
765,2020-08-22 01:30:00,-60.828709908614634,17.103538844855073
766,2020-08-22 01:40:00,-60.876950127800455,17.10130290864259
767,2020-08-22 01:50:00,-60.92520250998477,17.098398750043764
768,2020-08-22 02:00:00,-60.973466177006735,17.094835644692218
769,2020-08-22 02:10:00,-61.021738943917796,17.090656511336398
770,2020-08-22 02:20:00,-61.07001857471674,17.085905583069792
771,2020-08-22 02:30:00,-61.118302833402346,17.080627092985914
772,2020-08-22 02:40:00,-61.16658948397341,17.074865274178258
773,2020-08-22 02:50:00,-61.21487629042873,17.068664359740325
774,2020-08-22 03:00:00,-61.263161016767064,17.062068582765622
775,2020-08-22 03:10:00,-61.31144142698724,17.055122176347638
776,2020-08-22 03:20:00,-61.35971528508801,17.047869373579886
777,2020-08-22 03:30:00,-61.407980355068176,17.04035440755586
778,2020-08-22 03:40:00,-61.45623440092653,17.03262151136907
779,2020-08-22 03:50:00,-61.504475186661864,17.024714918113002
780,2020-08-22 04:00:00,-61.55270047627296,17.016678860881164
781,2020-08-22 04:10:00,-61.600908033758614,17.008557572767057
782,2020-08-22 04:20:00,-61.6490956231176,17.000395286864183
783,2020-08-22 04:30:00,-61.69726100834872,16.992236236266045
784,2020-08-22 04:40:00,-61.745401953450745,16.984124654066143
785,2020-08-22 04:50:00,-61.79351622242248,16.976104773357974
786,2020-08-22 05:00:00,-61.84160157926271,16.96822082723504
787,2020-08-22 05:10:00,-61.88965578797022,16.96051704879084
788,2020-08-22 05:20:00,-61.937676612543804,16.95303767111888
789,2020-08-22 05:30:00,-61.985661816982244,16.94582692731266
790,2020-08-22 05:40:00,-62.03360916528433,16.938929050465678
791,2020-08-22 05:50:00,-62.08151642144885,16.93238827367143
792,2020-08-22 06:00:00,-62.12938134947459,16.926248830023436
793,2020-08-22 06:10:00,-62.177201713360354,16.920554952615174
794,2020-08-22 06:20:00,-62.22497527710491,16.91535087454016
795,2020-08-22 06:30:00,-62.272699804707045,16.910680828891888
796,2020-08-22 06:40:00,-62.320373060165565,16.90658904876386
797,2020-08-22 06:50:00,-62.367992807479254,16.903119767249574
798,2020-08-22 07:00:00,-62.41555681064689,16.90031721744254
799,2020-08-22 07:10:00,-62.46306283366728,16.89822563243625
800,2020-08-22 07:20:00,-62.510508640539186,16.896889245324207
801,2020-08-22 07:30:00,-62.557891995261414,16.896352289199918
802,2020-08-22 07:40:00,-62.60521066183274,16.896658997156877
803,2020-08-22 07:50:00,-62.65246240425198,16.897853602288585
804,2020-08-22 08:00:00,-62.69964498651788,16.899980337688547
805,2020-08-22 08:10:00,-62.74675701448234,16.903070616882655
806,2020-08-22 08:20:00,-62.793800538346936,16.907103403539345
807,2020-08-22 08:30:00,-62.840778489072434,16.91204424930487
808,2020-08-22 08:40:00,-62.88769379762,16.91785870581989
809,2020-08-22 08:50:00,-62.93454939495078,16.924512324725054
810,2020-08-22 09:00:00,-62.981348212025914,16.93197065766103
811,2020-08-22 09:10:00,-63.02809317980657,16.940199256268464
812,2020-08-22 09:20:00,-63.07478722925387,16.94916367218802
813,2020-08-22 09:30:00,-63.12143329132899,16.958829457060343
814,2020-08-22 09:40:00,-63.16803429699307,16.96916216252611
815,2020-08-22 09:50:00,-63.21459317720727,16.980127340225962
816,2020-08-22 10:00:00,-63.26111286293273,16.991690541800565
817,2020-08-22 10:10:00,-63.3075962851306,17.003817318890572
818,2020-08-22 10:20:00,-63.35404637476203,17.016473223136636
819,2020-08-22 10:30:00,-63.400466062788176,17.029623806179416
820,2020-08-22 10:40:00,-63.44685828017018,17.043234619659568
821,2020-08-22 10:50:00,-63.49322595786921,17.057271215217757
822,2020-08-22 11:00:00,-63.539572026846386,17.071699144494627
823,2020-08-22 11:10:00,-63.58589941806288,17.086483959130845
824,2020-08-22 11:20:00,-63.63221106247984,17.10159121076706
825,2020-08-22 11:30:00,-63.67850989105842,17.11698645104394
826,2020-08-22 11:40:00,-63.72479883475976,17.132635231602126
827,2020-08-22 11:50:00,-63.77108082454501,17.148503104082284
828,2020-08-22 12:00:00,-63.817358791375334,17.16455562012508
829,2020-08-22 12:10:00,-63.863635666211856,17.18075833137115
830,2020-08-22 12:20:00,-63.909914380015756,17.19707678946116
831,2020-08-22 12:30:00,-63.95619786374815,17.213476546035775
832,2020-08-22 12:40:00,-64.00248904837022,17.22992315273564
833,2020-08-22 12:50:00,-64.04879086484311,17.24638216120142
834,2020-08-22 13:00:00,-64.09510624412796,17.26281912307377
835,2020-08-22 13:10:00,-64.14143811718594,17.279199589993343
836,2020-08-22 13:20:00,-64.18778941497817,17.295489113600798
837,2020-08-22 13:30:00,-64.23416306846582,17.31165324553679
838,2020-08-22 13:40:00,-64.28056200861003,17.32765753744198
839,2020-08-22 13:50:00,-64.32698916637196,17.343467540957022
840,2020-08-22 14:00:00,-64.37344747271273,17.359048807722566
841,2020-08-22 14:10:00,-64.41993985859355,17.374366889379285
842,2020-08-22 14:20:00,-64.46646925497552,17.389387337567822
843,2020-08-22 14:30:00,-64.51303858170034,17.404075849585393
844,2020-08-22 14:40:00,-64.5596497398473,17.418411467742377
845,2020-08-22 14:50:00,-64.60630280702135,17.432397120477404
846,2020-08-22 15:00:00,-64.65299767146072,17.44603821678859
847,2020-08-22 15:10:00,-64.69973422140367,17.459340165674046
848,2020-08-22 15:20:00,-64.74651234508849,17.472308376131895
849,2020-08-22 15:30:00,-64.79333193075341,17.484948257160248
850,2020-08-22 15:40:00,-64.84019286663673,17.49726521775722
851,2020-08-22 15:50:00,-64.88709504097667,17.509264666920927
852,2020-08-22 16:00:00,-64.93403834201153,17.52095201364948
853,2020-08-22 16:10:00,-64.98102265797955,17.532332666941006
854,2020-08-22 16:20:00,-65.02804787711902,17.543412035793605
855,2020-08-22 16:30:00,-65.07511388766815,17.554195529205394
856,2020-08-22 16:40:00,-65.12222057786524,17.564688556174495
857,2020-08-22 16:50:00,-65.16936783594855,17.57489652569902
858,2020-08-22 17:00:00,-65.21655555015631,17.584824846777085
859,2020-08-22 17:10:00,-65.26378360872681,17.5944789284068
860,2020-08-22 17:20:00,-65.31105189989832,17.60386417958629
861,2020-08-22 17:30:00,-65.3583603119091,17.61298600931366
862,2020-08-22 17:40:00,-65.40570873299737,17.621849826587024
863,2020-08-22 17:50:00,-65.45309705140144,17.63046104040451
864,2020-08-22 18:00:00,-65.50052515535957,17.63882505976422
865,2020-08-22 18:10:00,-65.54799293310998,17.646947293664272
866,2020-08-22 18:20:00,-65.59550027289097,17.65483315110279
867,2020-08-22 18:30:00,-65.64304706294078,17.66248804107787
868,2020-08-22 18:40:00,-65.6906331914977,17.669917372587648
869,2020-08-22 18:50:00,-65.73825854679995,17.677126554630224
870,2020-08-22 19:00:00,-65.78592301708584,17.68412099620372
871,2020-08-22 19:10:00,-65.83362649059359,17.69090610630625
872,2020-08-22 19:20:00,-65.8813688555615,17.697487293935925
873,2020-08-22 19:30:00,-65.92914989475415,17.70387034543866
874,2020-08-22 19:40:00,-65.97696787345127,17.710066476189557
875,2020-08-22 19:50:00,-66.02481991906326,17.716090972461927
876,2020-08-22 20:00:00,-66.07270313142799,17.72195921917352
877,2020-08-22 20:10:00,-66.1206146103834,17.72768660124211
878,2020-08-22 20:20:00,-66.16855145576737,17.733288503585452
879,2020-08-22 20:30:00,-66.21651076741786,17.73878031112132
880,2020-08-22 20:40:00,-66.26448964517276,17.74417740876747
881,2020-08-22 20:50:00,-66.31248518886999,17.749495181441674
882,2020-08-22 21:00:00,-66.36049449834745,17.754749014061687
883,2020-08-22 21:10:00,-66.40851467344307,17.759954291545288
884,2020-08-22 21:20:00,-66.45654281399476,17.765126398810224
885,2020-08-22 21:30:00,-66.50457601984043,17.770280720774274
886,2020-08-22 21:40:00,-66.552611390818,17.77543264235519
887,2020-08-22 21:50:00,-66.60064602676539,17.780597548470748
888,2020-08-22 22:00:00,-66.6486770275205,17.785790824038706
889,2020-08-22 22:10:00,-66.69670149292128,17.79102785397683
890,2020-08-22 22:20:00,-66.74471652280558,17.79632402320288
891,2020-08-22 22:30:00,-66.79271921701138,17.801694716634625
892,2020-08-22 22:40:00,-66.84070667537657,17.80715531918983
893,2020-08-22 22:50:00,-66.88867599773904,17.812721215786258
894,2020-08-22 23:00:00,-66.93662428393672,17.81840779134167
895,2020-08-22 23:10:00,-66.98454863380756,17.824230430773838
896,2020-08-22 23:20:00,-67.03244614718943,17.83020451900052
897,2020-08-22 23:30:00,-67.08031392392027,17.836345440939485
898,2020-08-22 23:40:00,-67.12814906383798,17.84266858150849
899,2020-08-22 23:50:00,-67.17594866678047,17.849189325625307
900,2020-08-23 00:00:00,-67.22370983258567,17.855923058207697
901,2020-08-23 00:10:00,-67.2714296610915,17.862885164173427
902,2020-08-23 00:20:00,-67.31910525213584,17.870091028440253
903,2020-08-23 00:30:00,-67.36673370555663,17.877556035925952
904,2020-08-23 00:40:00,-67.41431212119181,17.88529557154828
905,2020-08-23 00:50:00,-67.46183759887926,17.89332502022501
906,2020-08-23 01:00:00,-67.50930724579007,17.901659728063315
907,2020-08-23 01:10:00,-67.55671980246215,17.910306396652082
908,2020-08-23 01:20:00,-67.60407769313454,17.91925223176173
909,2020-08-23 01:30:00,-67.6513838466461,17.928481768591062
910,2020-08-23 01:40:00,-67.6986411918358,17.937979542338855
911,2020-08-23 01:50:00,-67.74585265754254,17.94773008820392
912,2020-08-23 02:00:00,-67.79302117260525,17.957717941385024
913,2020-08-23 02:10:00,-67.8401496658628,17.96792763708098
914,2020-08-23 02:20:00,-67.88724106615416,17.978343710490574
915,2020-08-23 02:30:00,-67.93429830231821,17.98895069681259
916,2020-08-23 02:40:00,-67.9813243031939,17.99973313124583
917,2020-08-23 02:50:00,-68.02832199762013,18.01067554898907
918,2020-08-23 03:00:00,-68.07529431443578,18.021762485241116
919,2020-08-23 03:10:00,-68.12224418247983,18.032978475200753
920,2020-08-23 03:20:00,-68.16917453059118,18.044308054066775
921,2020-08-23 03:30:00,-68.2160882876087,18.055735757037972
922,2020-08-23 03:40:00,-68.26298838237135,18.067246119313136
923,2020-08-23 03:50:00,-68.30987774371805,18.07882367609106
924,2020-08-23 04:00:00,-68.35675930048771,18.09045296257053
925,2020-08-23 04:10:00,-68.40363598151922,18.102118513950337
926,2020-08-23 04:20:00,-68.4505107156515,18.11380486542928
927,2020-08-23 04:30:00,-68.49738643172351,18.12549655220615
928,2020-08-23 04:40:00,-68.54426605857415,18.13717810947973
929,2020-08-23 04:50:00,-68.5911525250423,18.14883407244882
930,2020-08-23 05:00:00,-68.63804875996692,18.160448976312207
931,2020-08-23 05:10:00,-68.68495769218688,18.172007356268686
932,2020-08-23 05:20:00,-68.73188225054116,18.183493747517037
933,2020-08-23 05:30:00,-68.77882536386863,18.194892685256068
934,2020-08-23 05:40:00,-68.82578987939888,18.20618911547879
935,2020-08-23 05:50:00,-68.87277713822733,18.217375565554903
936,2020-08-23 06:00:00,-68.91978715642198,18.22845123260038
937,2020-08-23 06:10:00,-68.96681990484919,18.23941554126072
938,2020-08-23 06:20:00,-69.01387535437541,18.25026791618143
939,2020-08-23 06:30:00,-69.06095347586702,18.261007782008022
940,2020-08-23 06:40:00,-69.10805424019047,18.271634563385998
941,2020-08-23 06:50:00,-69.15517761821212,18.282147684960865
942,2020-08-23 07:00:00,-69.20232358079843,18.292546571378136
943,2020-08-23 07:10:00,-69.24949209881576,18.30283064728331
944,2020-08-23 07:20:00,-69.29668314313055,18.3129993373219
945,2020-08-23 07:30:00,-69.3438966846092,18.32305206613941
946,2020-08-23 07:40:00,-69.39113269411813,18.332988258381352
947,2020-08-23 07:50:00,-69.43839114252373,18.34280733869323
948,2020-08-23 08:00:00,-69.48567200069239,18.352508731720544
949,2020-08-23 08:10:00,-69.53297523949057,18.362091862108812
950,2020-08-23 08:20:00,-69.58030082978466,18.371556154503534
951,2020-08-23 08:30:00,-69.62764874244107,18.38090103355022
952,2020-08-23 08:40:00,-69.67501894832618,18.390125923894377
953,2020-08-23 08:50:00,-69.72241141830644,18.39923025018151
954,2020-08-23 09:00:00,-69.76982612324824,18.408213437057128
955,2020-08-23 09:10:00,-69.81726303401798,18.41707490916674
956,2020-08-23 09:20:00,-69.8647221214821,18.42581409115585
957,2020-08-23 09:30:00,-69.91220335650698,18.434430407669968
958,2020-08-23 09:40:00,-69.95970670995902,18.442923283354595
959,2020-08-23 09:50:00,-70.00723215270467,18.45129214285524
960,2020-08-23 10:00:00,-70.05477965561032,18.459536410817417
961,2020-08-23 10:10:00,-70.10234918954237,18.467655511886626
962,2020-08-23 10:20:00,-70.14994072536722,18.475648870708376
963,2020-08-23 10:30:00,-70.1975542339513,18.483515911928173
964,2020-08-23 10:40:00,-70.24518968616101,18.491256060191528
965,2020-08-23 10:50:00,-70.29284705286277,18.49886874014394
966,2020-08-23 11:00:00,-70.34052616562917,18.506354244221814
967,2020-08-23 11:10:00,-70.38822597694902,18.513718341495416
968,2020-08-23 11:20:00,-70.43594509730794,18.52096893169107
969,2020-08-23 11:30:00,-70.48368213642514,18.52811391930995
970,2020-08-23 11:40:00,-70.53143570401996,18.535161208853204
971,2020-08-23 11:50:00,-70.57920440981157,18.542118704822006
972,2020-08-23 12:00:00,-70.62698686351926,18.5489943117175
973,2020-08-23 12:10:00,-70.67478167486225,18.55579593404086
974,2020-08-23 12:20:00,-70.72258745355978,18.562531476293245
975,2020-08-23 12:30:00,-70.77040280933112,18.569208842975804
976,2020-08-23 12:40:00,-70.8182263518955,18.575835938589716
977,2020-08-23 12:50:00,-70.86605669097217,18.582420667636136
978,2020-08-23 13:00:00,-70.91389243628039,18.58897093461621
979,2020-08-23 13:10:00,-70.96173219753936,18.59549464403112
980,2020-08-23 13:20:00,-71.00957458446837,18.601999700382017
981,2020-08-23 13:30:00,-71.05741820678666,18.60849400817006
982,2020-08-23 13:40:00,-71.10526167421345,18.61498547189641
983,2020-08-23 13:50:00,-71.15310359646803,18.621481996062233
984,2020-08-23 14:00:00,-71.20094258326961,18.627991485168685
985,2020-08-23 14:10:00,-71.24877724433743,18.63452184371693
986,2020-08-23 14:20:00,-71.29660618939076,18.641080976208126
987,2020-08-23 14:30:00,-71.34442802814884,18.64767678714344
988,2020-08-23 14:40:00,-71.3922413703309,18.65431718102402
989,2020-08-23 14:50:00,-71.44004482565622,18.661010062351043
990,2020-08-23 15:00:00,-71.48783700384399,18.667763335625654
991,2020-08-23 15:10:00,-71.53561651461351,18.67458490534903
992,2020-08-23 15:20:00,-71.583381967684,18.681482676022313
993,2020-08-23 15:30:00,-71.63113197277471,18.68846455214668
994,2020-08-23 15:40:00,-71.67886513960488,18.695538438223284
995,2020-08-23 15:50:00,-71.72658007789379,18.70271223875329
996,2020-08-23 16:00:00,-71.77427539736061,18.709993858237855
997,2020-08-23 16:10:00,-71.82194970772466,18.717391201178142
998,2020-08-23 16:20:00,-71.86960161870516,18.724912172075314
999,2020-08-23 16:30:00,-71.91722974002134,18.732564675430524
1000,2020-08-23 16:40:00,-71.96483268139247,18.74035661574494
1001,2020-08-23 16:50:00,-72.01240905253778,18.74829589751972
1002,2020-08-23 17:00:00,-72.05995746317652,18.756390425256026
1003,2020-08-23 17:10:00,-72.10747652302794,18.764648103455016
1004,2020-08-23 17:20:00,-72.15496484181129,18.773076836617854
1005,2020-08-23 17:30:00,-72.20242102924578,18.7816845292457
1006,2020-08-23 17:40:00,-72.24984369505071,18.790479085839717
1007,2020-08-23 17:50:00,-72.29723144894528,18.799468410901063
1008,2020-08-23 18:00:00,-72.34458303534397,18.808659129661976
1009,2020-08-23 18:10:00,-72.39189784092251,18.818051767471967
1010,2020-08-23 18:20:00,-72.43917544357606,18.82764503357263
1011,2020-08-23 18:30:00,-72.48641542123192,18.837437636899573
1012,2020-08-23 18:40:00,-72.53361735181754,18.847428286388407
1013,2020-08-23 18:50:00,-72.58078081326019,18.857615690974736
1014,2020-08-23 19:00:00,-72.62790538348727,18.867998559594177
1015,2020-08-23 19:10:00,-72.67499064042616,18.878575601182327
1016,2020-08-23 19:20:00,-72.72203616200417,18.889345524674805
1017,2020-08-23 19:30:00,-72.76904152614867,18.90030703900721
1018,2020-08-23 19:40:00,-72.81600631078703,18.911458853115157
1019,2020-08-23 19:50:00,-72.8629300938466,18.92279967593425
1020,2020-08-23 20:00:00,-72.9098124532547,18.9343282164001
1021,2020-08-23 20:10:00,-72.95665296693876,18.94604318344832
1022,2020-08-23 20:20:00,-73.00345121282609,18.95794328601451
1023,2020-08-23 20:30:00,-73.05020676884406,18.970027233034283
1024,2020-08-23 20:40:00,-73.09691921292001,18.982293733443242
1025,2020-08-23 20:50:00,-73.14358812298133,18.994741496177003
1026,2020-08-23 21:00:00,-73.19021307695535,19.007369230171168
1027,2020-08-23 21:10:00,-73.23679365276942,19.020175644361355
1028,2020-08-23 21:20:00,-73.28332942835092,19.03315944768316
1029,2020-08-23 21:30:00,-73.32981998162718,19.046319349072203
1030,2020-08-23 21:40:00,-73.37626489052559,19.059654057464076
1031,2020-08-23 21:50:00,-73.42266373297349,19.073162281794406
1032,2020-08-23 22:00:00,-73.46901608689824,19.086842730998793
1033,2020-08-23 22:10:00,-73.51532153022718,19.10069411401285
1034,2020-08-23 22:20:00,-73.56157964088771,19.114715139772173
1035,2020-08-23 22:30:00,-73.60778999680714,19.12890451721238
1036,2020-08-23 22:40:00,-73.65395217591285,19.14326095526908
1037,2020-08-23 22:50:00,-73.7000657561322,19.15778316287788
1038,2020-08-23 23:00:00,-73.7461303153925,19.172469848974384
1039,2020-08-23 23:10:00,-73.79214543162121,19.187319722494205
1040,2020-08-23 23:20:00,-73.83811068274558,19.202331492372956
1041,2020-08-23 23:30:00,-73.88402564669303,19.217503867546235
1042,2020-08-23 23:40:00,-73.9298899013909,19.23283555694966
1043,2020-08-23 23:50:00,-73.97570302476652,19.24832526951883
1044,2020-08-24 00:00:00,-74.0214645947473,19.26397171418936
1045,2020-08-24 00:10:00,-74.06717418926054,19.279773599896856
1046,2020-08-24 00:20:00,-74.11283138623362,19.29572963557693
1047,2020-08-24 00:30:00,-74.15843576359393,19.311838530165183
1048,2020-08-24 00:40:00,-74.20398689926877,19.328098992597226
1049,2020-08-24 00:50:00,-74.24948437118556,19.344509731808675
1050,2020-08-24 01:00:00,-74.2949277572716,19.361069456735127
1051,2020-08-24 01:10:00,-74.34031663545427,19.377776876312204
1052,2020-08-24 01:20:00,-74.38565058366093,19.3946306994755
1053,2020-08-24 01:30:00,-74.43092942558289,19.41162904495577
1054,2020-08-24 01:40:00,-74.47615567688162,19.428763566687017
1055,2020-08-24 01:50:00,-74.52133351469014,19.44602192856084
1056,2020-08-24 02:00:00,-74.56646714063865,19.463391735638485
1057,2020-08-24 02:10:00,-74.61156075635735,19.48086059298122
1058,2020-08-24 02:20:00,-74.65661856347646,19.498416105650286
1059,2020-08-24 02:30:00,-74.70164476362615,19.516045878706944
1060,2020-08-24 02:40:00,-74.74664355843665,19.53373751721244
1061,2020-08-24 02:50:00,-74.79161914953814,19.55147862622804
1062,2020-08-24 03:00:00,-74.83657573856084,19.569256810814988
1063,2020-08-24 03:10:00,-74.88151752713495,19.58705967603455
1064,2020-08-24 03:20:00,-74.92644871689068,19.604874826947967
1065,2020-08-24 03:30:00,-74.9713735094582,19.622689868616497
1066,2020-08-24 03:40:00,-75.01629610646776,19.640492406101398
1067,2020-08-24 03:50:00,-75.06122070954954,19.658270044463926
1068,2020-08-24 04:00:00,-75.10615152033375,19.676010388765327
1069,2020-08-24 04:10:00,-75.15109274045057,19.693701044066863
1070,2020-08-24 04:20:00,-75.19604857153026,19.711329615429786
1071,2020-08-24 04:30:00,-75.24102321520293,19.728883707915347
1072,2020-08-24 04:40:00,-75.28602087309888,19.746350926584807
1073,2020-08-24 04:50:00,-75.33104574684825,19.76371887649941
1074,2020-08-24 05:00:00,-75.37610203808126,19.780975162720416
1075,2020-08-24 05:10:00,-75.42119394842811,19.798107390309085
1076,2020-08-24 05:20:00,-75.46632567951902,19.815103164326658
1077,2020-08-24 05:30:00,-75.51150143298418,19.831950089834404
1078,2020-08-24 05:40:00,-75.5567254104538,19.848635771893562
1079,2020-08-24 05:50:00,-75.60200181355808,19.8651478155654
1080,2020-08-24 06:00:00,-75.6473348439272,19.881473825911165
1081,2020-08-24 06:10:00,-75.69272870319139,19.897601407992116
1082,2020-08-24 06:20:00,-75.73818759298086,19.913518166869498
1083,2020-08-24 06:30:00,-75.78371571492579,19.929211707604573
1084,2020-08-24 06:40:00,-75.8293172706564,19.944669635258595
1085,2020-08-24 06:50:00,-75.8749964618029,19.95987955489281
1086,2020-08-24 07:00:00,-75.92075748999547,19.974829071568486
1087,2020-08-24 07:10:00,-75.9666045568643,19.989505790346872
1088,2020-08-24 07:20:00,-76.0125418371927,20.003897398993782
1089,2020-08-24 07:30:00,-76.05857088692247,20.017999652870103
1090,2020-08-24 07:40:00,-76.10468848353443,20.0318230278488
1091,2020-08-24 07:50:00,-76.15089089613505,20.045379565899598
1092,2020-08-24 08:00:00,-76.19717439383078,20.0586813089922
1093,2020-08-24 08:10:00,-76.24353524572801,20.071740299096323
1094,2020-08-24 08:20:00,-76.28996972093321,20.084568578181678
1095,2020-08-24 08:30:00,-76.3364740885528,20.09717818821798
1096,2020-08-24 08:40:00,-76.38304461769322,20.10958117117493
1097,2020-08-24 08:50:00,-76.4296775774609,20.12178956902225
1098,2020-08-24 09:00:00,-76.47636923696227,20.133815423729644
1099,2020-08-24 09:10:00,-76.52311586530377,20.14567077726683
1100,2020-08-24 09:20:00,-76.56991373159183,20.15736767160352
1101,2020-08-24 09:30:00,-76.61675910493288,20.16891814870942
1102,2020-08-24 09:40:00,-76.66364825443338,20.180334250554242
1103,2020-08-24 09:50:00,-76.71057744919975,20.191628019107707
1104,2020-08-24 10:00:00,-76.75754295833839,20.202811496339514
1105,2020-08-24 10:10:00,-76.80454105095579,20.213896724219385
1106,2020-08-24 10:20:00,-76.85156799615835,20.224895744717028
1107,2020-08-24 10:30:00,-76.89862006305252,20.23582059980215
1108,2020-08-24 10:40:00,-76.94569352074473,20.246683331444473
1109,2020-08-24 10:50:00,-76.9927846383414,20.257495981613694
1110,2020-08-24 11:00:00,-77.03988968494897,20.26827059227953
1111,2020-08-24 11:10:00,-77.0870049296739,20.27901920541171
1112,2020-08-24 11:20:00,-77.1341266416226,20.28975386297992
1113,2020-08-24 11:30:00,-77.18125108990151,20.30048660695389
1114,2020-08-24 11:40:00,-77.22837454361705,20.311229479303325
1115,2020-08-24 11:50:00,-77.27549327187569,20.321994521997933
1116,2020-08-24 12:00:00,-77.32260354378383,20.33279377700743
1117,2020-08-24 12:10:00,-77.36970162844793,20.343639286301528
1118,2020-08-24 12:20:00,-77.41678379497439,20.354543091849933
1119,2020-08-24 12:30:00,-77.46384631246966,20.36551723562237
1120,2020-08-24 12:40:00,-77.51088545004019,20.376573759588535
1121,2020-08-24 12:50:00,-77.55789747679242,20.38772470571815
1122,2020-08-24 13:00:00,-77.60487866183274,20.39898211598092
1123,2020-08-24 13:10:00,-77.65182527426762,20.41035803234656
1124,2020-08-24 13:20:00,-77.69873358320352,20.421864496784785
1125,2020-08-24 13:30:00,-77.74559985774681,20.433513551265307
1126,2020-08-24 13:40:00,-77.79242036700396,20.445317237757827
1127,2020-08-24 13:50:00,-77.8391913800814,20.457287598232064
1128,2020-08-24 14:00:00,-77.88590916608554,20.46943667465773
1129,2020-08-24 14:10:00,-77.93256999412287,20.481776509004536
1130,2020-08-24 14:20:00,-77.97917013329977,20.494319143242198
1131,2020-08-24 14:30:00,-78.02570607902524,20.50707588379799
1132,2020-08-24 14:40:00,-78.07217844131289,20.520044663556543
1133,2020-08-24 14:50:00,-78.11859141713857,20.533211756836135
1134,2020-08-24 15:00:00,-78.16494932362869,20.54656304743424
1135,2020-08-24 15:10:00,-78.21125647790964,20.560084419148318
1136,2020-08-24 15:20:00,-78.25751719710789,20.573761755775838
1137,2020-08-24 15:30:00,-78.30373579834978,20.587580941114258
1138,2020-08-24 15:40:00,-78.34991659876178,20.601527858961052
1139,2020-08-24 15:50:00,-78.39606391547026,20.615588393113686
1140,2020-08-24 16:00:00,-78.44218206560166,20.629748427369627
1141,2020-08-24 16:10:00,-78.48827536628235,20.643993845526335
1142,2020-08-24 16:20:00,-78.5343481346388,20.658310531381275
1143,2020-08-24 16:30:00,-78.58040468779737,20.672684368731918
1144,2020-08-24 16:40:00,-78.62644934288448,20.687101241375732
1145,2020-08-24 16:50:00,-78.67248641702655,20.701547033110177
1146,2020-08-24 17:00:00,-78.71852022735,20.716007627732722
1147,2020-08-24 17:10:00,-78.76455509098123,20.730468909040827
1148,2020-08-24 17:20:00,-78.81059532504665,20.744916760831966
1149,2020-08-24 17:30:00,-78.85664524667267,20.759337066903605
1150,2020-08-24 17:40:00,-78.90270917298571,20.773715711053207
1151,2020-08-24 17:50:00,-78.94879142111219,20.788038577078233
1152,2020-08-24 18:00:00,-78.99489630817848,20.802291548776154
1153,2020-08-24 18:10:00,-79.04102815131101,20.816460509944438
1154,2020-08-24 18:20:00,-79.08719126763623,20.830531344380546
1155,2020-08-24 18:30:00,-79.13338997428048,20.844489935881942
1156,2020-08-24 18:40:00,-79.17962858837024,20.858322168246097
1157,2020-08-24 18:50:00,-79.22591142703186,20.872013925270476
1158,2020-08-24 19:00:00,-79.27224280739179,20.88555109075255
1159,2020-08-24 19:10:00,-79.31862704657642,20.898919548489776
1160,2020-08-24 19:20:00,-79.3650684617122,20.912105182279618
1161,2020-08-24 19:30:00,-79.4115713699255,20.92509387591955
1162,2020-08-24 19:40:00,-79.45814008834273,20.937871513207035
1163,2020-08-24 19:50:00,-79.50477893409033,20.95042397793954
1164,2020-08-24 20:00:00,-79.55149222429466,20.962737153914528
1165,2020-08-24 20:10:00,-79.59828427608221,20.974796924929464
1166,2020-08-24 20:20:00,-79.64515940657934,20.98658917478182
1167,2020-08-24 20:30:00,-79.69212193291244,20.998099787269055
1168,2020-08-24 20:40:00,-79.73917499896325,21.00931826354219
1169,2020-08-24 20:50:00,-79.78631392684161,21.02025822087544
1170,2020-08-24 21:00:00,-79.83353083967681,21.030943139654827
1171,2020-08-24 21:10:00,-79.88081785102891,21.041396529770132
1172,2020-08-24 21:20:00,-79.928167074458,21.05164190111114
1173,2020-08-24 21:30:00,-79.97557062352418,21.061702763567634
1174,2020-08-24 21:40:00,-80.02302061178752,21.07160262702941
1175,2020-08-24 21:50:00,-80.07050915280809,21.081365001386246
1176,2020-08-24 22:00:00,-80.118028360146,21.09101339652793
1177,2020-08-24 22:10:00,-80.16557034736131,21.100571322344244
1178,2020-08-24 22:20:00,-80.21312722801413,21.11006228872498
1179,2020-08-24 22:30:00,-80.26069111566451,21.11950980555991
1180,2020-08-24 22:40:00,-80.30825412387259,21.128937382738837
1181,2020-08-24 22:50:00,-80.3558083661984,21.13836853015153
1182,2020-08-24 23:00:00,-80.40334595620202,21.147826757687785
1183,2020-08-24 23:10:00,-80.45085900744357,21.157335575237383
1184,2020-08-24 23:20:00,-80.49833963348311,21.16691849269011
1185,2020-08-24 23:30:00,-80.54577994788075,21.17659901993575
1186,2020-08-24 23:40:00,-80.59317206419652,21.186400666864095
1187,2020-08-24 23:50:00,-80.64050809599057,21.196346943364922
1188,2020-08-25 00:00:00,-80.68778015682294,21.206461359328017
1189,2020-08-25 00:10:00,-80.73498036025372,21.21676742464317
1190,2020-08-25 00:20:00,-80.78210081984298,21.227288649200162
1191,2020-08-25 00:30:00,-80.82913364915085,21.23804854288878
1192,2020-08-25 00:40:00,-80.87607096173737,21.249070615598814
1193,2020-08-25 00:50:00,-80.92290487116264,21.26037837722004
1194,2020-08-25 01:00:00,-80.96962749098675,21.27199533764225
1195,2020-08-25 01:10:00,-81.0162309347698,21.283945006755225
1196,2020-08-25 01:20:00,-81.06270731607182,21.296250894448757
1197,2020-08-25 01:30:00,-81.10904874845292,21.308936510612625
1198,2020-08-25 01:40:00,-81.1552473454732,21.322025365136614
1199,2020-08-25 01:50:00,-81.20129522069271,21.33554096791051
1200,2020-08-25 02:00:00,-81.24718448767156,21.349506828824104
1201,2020-08-25 02:10:00,-81.29290725996984,21.363946457767177
1202,2020-08-25 02:20:00,-81.33845565114761,21.37888336462952
1203,2020-08-25 02:30:00,-81.38382177476497,21.394341059300903
1204,2020-08-25 02:40:00,-81.42899845751013,21.410340993014074
1205,2020-08-25 02:50:00,-81.47398759191586,21.426878445737568
1206,2020-08-25 03:00:00,-81.51879731019191,21.443930684751113
1207,2020-08-25 03:10:00,-81.56343586759623,21.461474622119407
1208,2020-08-25 03:20:00,-81.6079115193867,21.479487169907156
1209,2020-08-25 03:30:00,-81.65223252082117,21.49794524017905
1210,2020-08-25 03:40:00,-81.69640712715761,21.516825744999796
1211,2020-08-25 03:50:00,-81.74044359365384,21.53610559643409
1212,2020-08-25 04:00:00,-81.78435017556782,21.555761706546633
1213,2020-08-25 04:10:00,-81.82813512815741,21.57577098740212
1214,2020-08-25 04:20:00,-81.87180670668049,21.596110351065256
1215,2020-08-25 04:30:00,-81.915373166395,21.616756709600736
1216,2020-08-25 04:40:00,-81.9588427625588,21.637686975073255
1217,2020-08-25 04:50:00,-82.0022237504298,21.658878059547526
1218,2020-08-25 05:00:00,-82.04552438526586,21.680306875088224
1219,2020-08-25 05:10:00,-82.08875292232494,21.70195033376007
1220,2020-08-25 05:20:00,-82.13191761686488,21.723785347627764
1221,2020-08-25 05:30:00,-82.1750267241436,21.74578882875599
1222,2020-08-25 05:40:00,-82.218088499419,21.767937689209454
1223,2020-08-25 05:50:00,-82.26111119794894,21.790208841052856
1224,2020-08-25 06:00:00,-82.30410307499133,21.812579196350892
1225,2020-08-25 06:10:00,-82.3470723858041,21.835025667168274
1226,2020-08-25 06:20:00,-82.39002738564508,21.857525165569683
1227,2020-08-25 06:30:00,-82.43297632977225,21.880054603619822
1228,2020-08-25 06:40:00,-82.4759274734434,21.9025908933834
1229,2020-08-25 06:50:00,-82.51888907191652,21.92511094692511
1230,2020-08-25 07:00:00,-82.56186938044945,21.947591676309646
1231,2020-08-25 07:10:00,-82.60487665430011,21.970009993601717
1232,2020-08-25 07:20:00,-82.64791914872637,21.992342810866017
1233,2020-08-25 07:30:00,-82.69100511898617,22.014567040167243
1234,2020-08-25 07:40:00,-82.73414282033734,22.0366595935701
1235,2020-08-25 07:50:00,-82.77734050803782,22.058597383139283
1236,2020-08-25 08:00:00,-82.82060643734549,22.080357320939488
1237,2020-08-25 08:10:00,-82.86394886351825,22.101916319035418
1238,2020-08-25 08:20:00,-82.90737604181399,22.123251289491776
1239,2020-08-25 08:30:00,-82.95089622749062,22.14433914437325
1240,2020-08-25 08:40:00,-82.99451767580602,22.165156795744554
1241,2020-08-25 08:50:00,-83.03824864201808,22.18568115567038
1242,2020-08-25 09:00:00,-83.0820973813847,22.205889136215422
1243,2020-08-25 09:10:00,-83.12607214916379,22.225757649444382
1244,2020-08-25 09:20:00,-83.1701812006132,22.245263607421965
1245,2020-08-25 09:30:00,-83.21443279099088,22.26438392221286
1246,2020-08-25 09:40:00,-83.2588351755547,22.283095505881775
1247,2020-08-25 09:50:00,-83.30339660842122,22.301375273712797
1248,2020-08-25 10:00:00,-83.34812212035929,22.31920923314819
1249,2020-08-25 10:10:00,-83.39300646698813,22.336612374940287
1250,2020-08-25 10:20:00,-83.43804236098497,22.353605452406818
1251,2020-08-25 10:30:00,-83.48322251502697,22.370209218865504
1252,2020-08-25 10:40:00,-83.52853964179138,22.386444427634064
1253,2020-08-25 10:50:00,-83.57398645395538,22.402331832030214
1254,2020-08-25 11:00:00,-83.6195556641962,22.417892185371674
1255,2020-08-25 11:10:00,-83.66523998519105,22.433146240976175
1256,2020-08-25 11:20:00,-83.71103212961712,22.448114752161423
1257,2020-08-25 11:30:00,-83.75692481015165,22.46281847224515
1258,2020-08-25 11:40:00,-83.80291073947183,22.477278154545075
1259,2020-08-25 11:50:00,-83.84898263025482,22.49151455237891
1260,2020-08-25 12:00:00,-83.8951331951779,22.505548419064386
1261,2020-08-25 12:10:00,-83.94135514691826,22.51940050791921
1262,2020-08-25 12:20:00,-83.98764119815309,22.533091572261124
1263,2020-08-25 12:30:00,-84.03398406155961,22.54664236540782
1264,2020-08-25 12:40:00,-84.08037644981502,22.560073640677043
1265,2020-08-25 12:50:00,-84.12681107559654,22.573406151386507
1266,2020-08-25 13:00:00,-84.17328065158135,22.586660650853926
1267,2020-08-25 13:10:00,-84.21977789044672,22.599857892397022
1268,2020-08-25 13:20:00,-84.2662955048698,22.61301862933352
1269,2020-08-25 13:30:00,-84.31282620752782,22.626163614981138
1270,2020-08-25 13:40:00,-84.359362711098,22.639313602657598
1271,2020-08-25 13:50:00,-84.40589772825751,22.652489345680618
1272,2020-08-25 14:00:00,-84.4524239716836,22.66571159736792
1273,2020-08-25 14:10:00,-84.49893415405346,22.67900111103722
1274,2020-08-25 14:20:00,-84.5454209880443,22.692378640006243
1275,2020-08-25 14:30:00,-84.59187718633332,22.705864937592715
1276,2020-08-25 14:40:00,-84.63829546159774,22.719480757114344
1277,2020-08-25 14:50:00,-84.68466852651477,22.73324685188886
1278,2020-08-25 15:00:00,-84.73098909376161,22.74718397523398
1279,2020-08-25 15:10:00,-84.77724987601547,22.761312880467425
1280,2020-08-25 15:20:00,-84.82344358595357,22.775654320906913
1281,2020-08-25 15:30:00,-84.8695629362531,22.790229049870163
1282,2020-08-25 15:40:00,-84.91560067003918,22.805057690296767
1283,2020-08-25 15:50:00,-84.96155128400427,22.820153356338604
1284,2020-08-25 16:00:00,-85.00741195153641,22.835517700518455
1285,2020-08-25 16:10:00,-85.05318007151287,22.851151409812534
1286,2020-08-25 16:20:00,-85.09885304281092,22.86705517119705
1287,2020-08-25 16:30:00,-85.14442826430782,22.883229671648206
1288,2020-08-25 16:40:00,-85.18990313488088,22.899675598142206
1289,2020-08-25 16:50:00,-85.23527505340734,22.91639363765528
1290,2020-08-25 17:00:00,-85.28054141876451,22.933384477163617
1291,2020-08-25 17:10:00,-85.32569962982966,22.950648803643436
1292,2020-08-25 17:20:00,-85.37074708548003,22.96818730407095
1293,2020-08-25 17:30:00,-85.41568118459296,22.986000665422356
1294,2020-08-25 17:40:00,-85.46049932604566,23.004089574673873
1295,2020-08-25 17:50:00,-85.50519890871544,23.022454718801708
1296,2020-08-25 18:00:00,-85.54977733147959,23.041096784782066
1297,2020-08-25 18:10:00,-85.59423199321536,23.06001645959116
1298,2020-08-25 18:20:00,-85.63856029280002,23.079214430205194
1299,2020-08-25 18:30:00,-85.68275962911088,23.09869138360039
1300,2020-08-25 18:40:00,-85.72682740102519,23.11844800675294
1301,2020-08-25 18:50:00,-85.77076100742022,23.138484986639064
1302,2020-08-25 19:00:00,-85.81455784717328,23.158803010234976
1303,2020-08-25 19:10:00,-85.85821531916162,23.17940276451687
1304,2020-08-25 19:20:00,-85.9017308222625,23.200284936460967
1305,2020-08-25 19:30:00,-85.94510175535324,23.221450213043475
1306,2020-08-25 19:40:00,-85.98832551731108,23.242899281240593
1307,2020-08-25 19:50:00,-86.0313995070133,23.26463282802854
1308,2020-08-25 20:00:00,-86.07432112333723,23.286651540383527
1309,2020-08-25 20:10:00,-86.11708786431076,23.308955966764675
1310,2020-08-25 20:20:00,-86.15970108251416,23.331541270684276
1311,2020-08-25 20:30:00,-86.20216713776662,23.35439562036302
1312,2020-08-25 20:40:00,-86.24449272453366,23.377506716508943
1313,2020-08-25 20:50:00,-86.28668453728073,23.400862259830067
1314,2020-08-25 21:00:00,-86.3287492704733,23.42444995103443
1315,2020-08-25 21:10:00,-86.37069361857684,23.448257490830063
1316,2020-08-25 21:20:00,-86.41252427605681,23.472272579924987
1317,2020-08-25 21:30:00,-86.45424793737871,23.496482919027248
1318,2020-08-25 21:40:00,-86.49587129700798,23.520876208844868
1319,2020-08-25 21:50:00,-86.53740104941006,23.545440150085884
1320,2020-08-25 22:00:00,-86.57884388905048,23.570162443458322
1321,2020-08-25 22:10:00,-86.62020651039467,23.59503078967022
1322,2020-08-25 22:20:00,-86.66149560790811,23.6200328894296
1323,2020-08-25 22:30:00,-86.70271787605627,23.6451564434445
1324,2020-08-25 22:40:00,-86.74388000930459,23.670389152422946
1325,2020-08-25 22:50:00,-86.78498870211858,23.695718717072968
1326,2020-08-25 23:00:00,-86.82605064896367,23.721132838102605
1327,2020-08-25 23:10:00,-86.86707254430537,23.746619216219884
1328,2020-08-25 23:20:00,-86.90806108260914,23.77216555213283
1329,2020-08-25 23:30:00,-86.94902295834041,23.79775954654949
1330,2020-08-25 23:40:00,-86.98996486596465,23.823388900177875
1331,2020-08-25 23:50:00,-87.03089349994738,23.849041313726026
1332,2020-08-26 00:00:00,-87.07181555475402,23.874704487901983
1333,2020-08-26 00:10:00,-87.11273772485009,23.900366123413765
1334,2020-08-26 00:20:00,-87.153666704701,23.92601392096941
1335,2020-08-26 00:30:00,-87.19460918877223,23.95163558127694
1336,2020-08-26 00:40:00,-87.23557187152929,23.977218805044398
1337,2020-08-26 00:50:00,-87.27656144743759,24.002751292979802
1338,2020-08-26 01:00:00,-87.31758461096264,24.0282207457912
1339,2020-08-26 01:10:00,-87.35864805656989,24.053614864186603
1340,2020-08-26 01:20:00,-87.39975847872482,24.07892134887405
1341,2020-08-26 01:30:00,-87.4409225718929,24.104127900561586
1342,2020-08-26 01:40:00,-87.48214703053958,24.129222219957224
1343,2020-08-26 01:50:00,-87.52343854913032,24.15419200776901
1344,2020-08-26 02:00:00,-87.56480382213063,24.179024964704958
1345,2020-08-26 02:10:00,-87.60624953908041,24.20370880100537
1346,2020-08-26 02:20:00,-87.64778021482182,24.22823543553657
1347,2020-08-26 02:30:00,-87.68939478406394,24.25260758622592
1348,2020-08-26 02:40:00,-87.73109129899575,24.276829678914854
1349,2020-08-26 02:50:00,-87.77286781180622,24.300906139444827
1350,2020-08-26 03:00:00,-87.81472237468435,24.324841393657284
1351,2020-08-26 03:10:00,-87.85665303981914,24.34863986739365
1352,2020-08-26 03:20:00,-87.89865785939958,24.372305986495387
1353,2020-08-26 03:30:00,-87.94073488561463,24.395844176803923
1354,2020-08-26 03:40:00,-87.98288217065331,24.419258864160707
1355,2020-08-26 03:50:00,-88.02509776670458,24.44255447440718
1356,2020-08-26 04:00:00,-88.06737972595745,24.46573543338479
1357,2020-08-26 04:10:00,-88.10972610060088,24.48880616693497
1358,2020-08-26 04:20:00,-88.15213494282389,24.511771100899164
1359,2020-08-26 04:30:00,-88.19460430481547,24.534634661118833
1360,2020-08-26 04:40:00,-88.2371322387646,24.55740127343539
1361,2020-08-26 04:50:00,-88.27971679686027,24.580075363690305
1362,2020-08-26 05:00:00,-88.32235603129143,24.602661357724998
1363,2020-08-26 05:10:00,-88.36504799424713,24.62516368138093
1364,2020-08-26 05:20:00,-88.40779073791632,24.647586760499525
1365,2020-08-26 05:30:00,-88.450582314488,24.669935020922246
1366,2020-08-26 05:40:00,-88.49342077615114,24.692212888490516
1367,2020-08-26 05:50:00,-88.53630417509477,24.714424789045793
1368,2020-08-26 06:00:00,-88.57923056350785,24.736575148429516
1369,2020-08-26 06:10:00,-88.62219799357936,24.758668392483123
1370,2020-08-26 06:20:00,-88.66520451749831,24.78070894704806
1371,2020-08-26 06:30:00,-88.70824818745368,24.802701237965767
1372,2020-08-26 06:40:00,-88.75132705563445,24.824649691077692
1373,2020-08-26 06:50:00,-88.79443917422962,24.84655873222527
1374,2020-08-26 07:00:00,-88.83758259542817,24.86843278724995
1375,2020-08-26 07:10:00,-88.8807553714191,24.89027628199317
1376,2020-08-26 07:20:00,-88.92395540654755,24.912093776900488
1377,2020-08-26 07:30:00,-88.96717793855517,24.933892260221505
1378,2020-08-26 07:40:00,-89.01041589195553,24.95568082627965
1379,2020-08-26 07:50:00,-89.05366211454165,24.977468639248574
1380,2020-08-26 08:00:00,-89.09690945410652,24.999264863301878
1381,2020-08-26 08:10:00,-89.14015075844313,25.0210786626132
1382,2020-08-26 08:20:00,-89.18337887534443,25.042919201356145
1383,2020-08-26 08:30:00,-89.22658665260346,25.064795643704358
1384,2020-08-26 08:40:00,-89.26976693801319,25.086717153831444
1385,2020-08-26 08:50:00,-89.31291257936658,25.108692895911027
1386,2020-08-26 09:00:00,-89.35601642445668,25.130732034116743
1387,2020-08-26 09:10:00,-89.39907132107642,25.152843732622195
1388,2020-08-26 09:20:00,-89.44207011701883,25.17503715560103
1389,2020-08-26 09:30:00,-89.48500566007685,25.197321467226843
1390,2020-08-26 09:40:00,-89.52787079804354,25.21970583167328
1391,2020-08-26 09:50:00,-89.5706583787118,25.242199413113948
1392,2020-08-26 10:00:00,-89.61336124987469,25.26481137572248
1393,2020-08-26 10:10:00,-89.65597225932514,25.287550883672488
1394,2020-08-26 10:20:00,-89.69848425485618,25.3104271011376
1395,2020-08-26 10:30:00,-89.74089008426083,25.33344919229144
1396,2020-08-26 10:40:00,-89.783182595332,25.356626321307626
1397,2020-08-26 10:50:00,-89.82535463586272,25.37996765235979
1398,2020-08-26 11:00:00,-89.86739905364597,25.403482349621545
1399,2020-08-26 11:10:00,-89.90930869647475,25.42717957726652
1400,2020-08-26 11:20:00,-89.95107641214202,25.45106849946833
1401,2020-08-26 11:30:00,-89.99269504844082,25.47515828040061
1402,2020-08-26 11:40:00,-90.03415745316408,25.499458084236963
1403,2020-08-26 11:50:00,-90.07545647410483,25.52397707515102
1404,2020-08-26 12:00:00,-90.11658495905604,25.54872441731642
1405,2020-08-26 12:10:00,-90.15753575581068,25.57370927490676
1406,2020-08-26 12:20:00,-90.19830171216178,25.598940812095687
1407,2020-08-26 12:30:00,-90.23887849806592,25.624425129753828
1408,2020-08-26 12:40:00,-90.27927458042863,25.65015443836939
1409,2020-08-26 12:50:00,-90.31950205152444,25.67611701329246
1410,2020-08-26 13:00:00,-90.35957300386151,25.70230112961956
1411,2020-08-26 13:10:00,-90.39949952994792,25.728695062447205
1412,2020-08-26 13:20:00,-90.43929372229182,25.755287086871927
1413,2020-08-26 13:30:00,-90.47896767340134,25.782065477990262
1414,2020-08-26 13:40:00,-90.51853347578458,25.809018510898717
1415,2020-08-26 13:50:00,-90.55800322194968,25.836134460693838
1416,2020-08-26 14:00:00,-90.59738900440475,25.863401602472127
1417,2020-08-26 14:10:00,-90.63670291565796,25.890808211330135
1418,2020-08-26 14:20:00,-90.67595704821737,25.91834256236436
1419,2020-08-26 14:30:00,-90.71516349459115,25.945992930671352
1420,2020-08-26 14:40:00,-90.7543343472874,25.973747591347617
1421,2020-08-26 14:50:00,-90.79348169881426,26.001594819489686
1422,2020-08-26 15:00:00,-90.83261764167986,26.029522890194098
1423,2020-08-26 15:10:00,-90.8717542683923,26.05752007855736
1424,2020-08-26 15:20:00,-90.91090367145974,26.085574659676013
1425,2020-08-26 15:30:00,-90.95007794339024,26.113674908646566
1426,2020-08-26 15:40:00,-90.989289176692,26.14180910056556
1427,2020-08-26 15:50:00,-91.0285494638731,26.169965510529504
1428,2020-08-26 16:00:00,-91.0678708974417,26.198132413634944
1429,2020-08-26 16:10:00,-91.10726556990586,26.22629808497838
1430,2020-08-26 16:20:00,-91.14674557377377,26.25445079965636
1431,2020-08-26 16:30:00,-91.18632300155353,26.2825788327654
1432,2020-08-26 16:40:00,-91.22600994575325,26.310670459402022
1433,2020-08-26 16:50:00,-91.2658184988811,26.33871395466276
1434,2020-08-26 17:00:00,-91.30576075344514,26.366697593644133
1435,2020-08-26 17:10:00,-91.34584880195354,26.394609651442675
1436,2020-08-26 17:20:00,-91.3860947369144,26.42243840315489
1437,2020-08-26 17:30:00,-91.4265106508359,26.45017212387733
1438,2020-08-26 17:40:00,-91.46710863622607,26.4777990887065
1439,2020-08-26 17:50:00,-91.50790071076425,26.505307631703555
1440,2020-08-26 18:00:00,-91.54888158675439,26.532699723446523
1441,2020-08-26 18:10:00,-91.59000663270967,26.560008337150286
1442,2020-08-26 18:20:00,-91.6312257781502,26.58727073191898
1443,2020-08-26 18:30:00,-91.67248895259604,26.614524166856686
1444,2020-08-26 18:40:00,-91.71374608556727,26.641805901067535
1445,2020-08-26 18:50:00,-91.75494710658394,26.669153193655625
1446,2020-08-26 19:00:00,-91.7960419451662,26.696603303725084
1447,2020-08-26 19:10:00,-91.83698053083407,26.72419349038
1448,2020-08-26 19:20:00,-91.87771279310765,26.751961012724493
1449,2020-08-26 19:30:00,-91.91818866150703,26.779943129862687
1450,2020-08-26 19:40:00,-91.95835806555229,26.80817710089867
1451,2020-08-26 19:50:00,-91.99817093476351,26.83670018493657
1452,2020-08-26 20:00:00,-92.03757719866074,26.86554964108049
1453,2020-08-26 20:10:00,-92.07652678676412,26.894762728434543
1454,2020-08-26 20:20:00,-92.11496962859367,26.92437670610283
1455,2020-08-26 20:30:00,-92.1528556536695,26.954428833189482
1456,2020-08-26 20:40:00,-92.1901347915117,26.984956368798585
1457,2020-08-26 20:50:00,-92.22675697164034,27.01599657203426
1458,2020-08-26 21:00:00,-92.26267212357548,27.047586702000633
1459,2020-08-26 21:10:00,-92.29783017683724,27.079764017801793
1460,2020-08-26 21:20:00,-92.33218106094567,27.112565778541864
1461,2020-08-26 21:30:00,-92.36567470542086,27.14602924332494
1462,2020-08-26 21:40:00,-92.39826103978288,27.18019167125516
1463,2020-08-26 21:50:00,-92.42988999355184,27.2150903214366
1464,2020-08-26 22:00:00,-92.4605114962478,27.250762452973394
1465,2020-08-26 22:10:00,-92.49007547739085,27.287245324969646
1466,2020-08-26 22:20:00,-92.5185361917512,27.324572796627987
1467,2020-08-26 22:30:00,-92.5459002263707,27.362737590901986
1468,2020-08-26 22:40:00,-92.57220893128799,27.401705104981406
1469,2020-08-26 22:50:00,-92.59750428256737,27.44144024396291
1470,2020-08-26 23:00:00,-92.62182825627319,27.48190791294312
1471,2020-08-26 23:10:00,-92.64522282846981,27.523073017018724
1472,2020-08-26 23:20:00,-92.66772997522152,27.56490046128634
1473,2020-08-26 23:30:00,-92.6893916725927,27.607355150842633
1474,2020-08-26 23:40:00,-92.71024989664768,27.650401990784246
1475,2020-08-26 23:50:00,-92.73034662345081,27.694005886207833
1476,2020-08-27 00:00:00,-92.74972382906643,27.738131742210054
1477,2020-08-27 00:10:00,-92.76842348955883,27.782744463887546
1478,2020-08-27 00:20:00,-92.78648758099241,27.827808956336973
1479,2020-08-27 00:30:00,-92.8039580794315,27.87329012465496
1480,2020-08-27 00:40:00,-92.8208769609404,27.91915287393819
1481,2020-08-27 00:50:00,-92.83728620158351,27.965362109283284
1482,2020-08-27 01:00:00,-92.8532277774251,28.011882735786916
1483,2020-08-27 01:10:00,-92.86874366452956,28.058679658545717
1484,2020-08-27 01:20:00,-92.8838758389612,28.10571778265634
1485,2020-08-27 01:30:00,-92.89866627678441,28.15296201321545
1486,2020-08-27 01:40:00,-92.91315695406347,28.200377255319683
1487,2020-08-27 01:50:00,-92.92738984686275,28.247928414065704
1488,2020-08-27 02:00:00,-92.94140693124658,28.295580394550143
1489,2020-08-27 02:10:00,-92.95525018327929,28.343298101869674
1490,2020-08-27 02:20:00,-92.96896157902525,28.39104644112092
1491,2020-08-27 02:30:00,-92.98258309454877,28.438790317400557
1492,2020-08-27 02:40:00,-92.99615670591422,28.486494635805215
1493,2020-08-27 02:50:00,-93.0097204684429,28.534126714409854
1494,2020-08-27 03:00:00,-93.02327423130654,28.58167738484527
1495,2020-08-27 03:10:00,-93.03679629637851,28.62915073979081
1496,2020-08-27 03:20:00,-93.05026472316712,28.676551021086738
1497,2020-08-27 03:30:00,-93.0636575711807,28.723882470573248
1498,2020-08-27 03:40:00,-93.07695289992756,28.7711493300906
1499,2020-08-27 03:50:00,-93.09012876891607,28.818355841479004
1500,2020-08-27 04:00:00,-93.10316323765458,28.86550624657871
1501,2020-08-27 04:10:00,-93.11603436565139,28.912604787229924
1502,2020-08-27 04:20:00,-93.12872021241485,28.959655705272898
1503,2020-08-27 04:30:00,-93.14119883745329,29.00666324254787
1504,2020-08-27 04:40:00,-93.15344830027504,29.053631640895038
1505,2020-08-27 04:50:00,-93.16544666038845,29.100565142154675
1506,2020-08-27 05:00:00,-93.17717197730187,29.147467988166973
1507,2020-08-27 05:10:00,-93.1886023105236,29.194344420772186
1508,2020-08-27 05:20:00,-93.19971571956201,29.241198681810534
1509,2020-08-27 05:30:00,-93.21049026392541,29.288035013122265
1510,2020-08-27 05:40:00,-93.22090400312214,29.334857656547577
1511,2020-08-27 05:50:00,-93.23093499666055,29.381670853926725
1512,2020-08-27 06:00:00,-93.24056130404895,29.42847884709995
1513,2020-08-27 06:10:00,-93.2497609847957,29.475285877907453
1514,2020-08-27 06:20:00,-93.25851209840914,29.522096188189494
1515,2020-08-27 06:30:00,-93.26679270439759,29.56891401978628
1516,2020-08-27 06:40:00,-93.27458086226936,29.615743614538065
1517,2020-08-27 06:50:00,-93.28185463153285,29.662589214285052
1518,2020-08-27 07:00:00,-93.28859207169634,29.709455060867505
1519,2020-08-27 07:10:00,-93.29477124226821,29.75634539612562
1520,2020-08-27 07:20:00,-93.3003702045049,29.80326446163359
1521,2020-08-27 07:30:00,-93.30537336902947,29.850215532631545
1522,2020-08-27 07:40:00,-93.30978578156933,29.897198743825196
1523,2020-08-27 07:50:00,-93.3136166726243,29.944213593024006
1524,2020-08-27 08:00:00,-93.31687527269409,29.991259578037397
1525,2020-08-27 08:10:00,-93.31957081227847,30.038336196674834
1526,2020-08-27 08:20:00,-93.32171252187722,30.085442946745726
1527,2020-08-27 08:30:00,-93.32330963199006,30.132579326059552
1528,2020-08-27 08:40:00,-93.32437137311679,30.179744832425733
1529,2020-08-27 08:50:00,-93.32490697575716,30.226938963653705
1530,2020-08-27 09:00:00,-93.32492567041092,30.274161217552933
1531,2020-08-27 09:10:00,-93.32443668757783,30.321411091932834
1532,2020-08-27 09:20:00,-93.32344925775767,30.368688084602876
1533,2020-08-27 09:30:00,-93.32197261145018,30.415991693372476
1534,2020-08-27 09:40:00,-93.32001597915516,30.463321416051098
1535,2020-08-27 09:50:00,-93.31758859137231,30.510676750448162
1536,2020-08-27 10:00:00,-93.31469967860144,30.55805719437312
1537,2020-08-27 10:10:00,-93.31135847134229,30.605462245635433
1538,2020-08-27 10:20:00,-93.30757420009462,30.652891402044506
1539,2020-08-27 10:30:00,-93.30335609535821,30.70034416140982
1540,2020-08-27 10:40:00,-93.29871338763279,30.74782002154078
1541,2020-08-27 10:50:00,-93.29365530741813,30.795318480246863
1542,2020-08-27 11:00:00,-93.288191085214,30.84283903533748
1543,2020-08-27 11:10:00,-93.28232995152015,30.8903811846221
1544,2020-08-27 11:20:00,-93.27608113683638,30.93794442591014
1545,2020-08-27 11:30:00,-93.26945387166239,30.98552825701105
1546,2020-08-27 11:40:00,-93.26245738649797,31.033132175734295
1547,2020-08-27 11:50:00,-93.2551009118429,31.080755679889283
1548,2020-08-27 12:00:00,-93.24739367819689,31.128398267285483
1549,2020-08-27 12:10:00,-93.23934491605976,31.176059435732316
1550,2020-08-27 12:20:00,-93.23096385593124,31.223738683039247
1551,2020-08-27 12:30:00,-93.22225972831109,31.271435507015692
1552,2020-08-27 12:40:00,-93.21324176369907,31.31914940547112
1553,2020-08-27 12:50:00,-93.20391919259494,31.366879876214938
1554,2020-08-27 13:00:00,-93.19430124549847,31.414626417056617
1555,2020-08-27 13:10:00,-93.18439715290943,31.462388525805604
1556,2020-08-27 13:20:00,-93.17421614532756,31.510165700271312
1557,2020-08-27 13:30:00,-93.16376745325263,31.557957438263216
1558,2020-08-27 13:40:00,-93.15306030718439,31.605763237590725
1559,2020-08-27 13:50:00,-93.14210393762261,31.653582596063313
1560,2020-08-27 14:00:00,-93.13090757506707,31.701415011490393
1561,2020-08-27 14:10:00,-93.11948045001749,31.749259981681433
1562,2020-08-27 14:20:00,-93.10783179297364,31.797117004445848
1563,2020-08-27 14:30:00,-93.09597083443533,31.844985577593096
1564,2020-08-27 14:40:00,-93.08390680490224,31.892865198932633
1565,2020-08-27 14:50:00,-93.0716489348742,31.940755366273876
1566,2020-08-27 15:00:00,-93.05920645485097,31.988655577426286
1567,2020-08-27 15:10:00,-93.04658859533224,32.03656533019928
1568,2020-08-27 15:20:00,-93.03380458681784,32.084484122402344
1569,2020-08-27 15:30:00,-93.02086365980749,32.13241145184487
1570,2020-08-27 15:40:00,-93.007775044801,32.18034681633633
1571,2020-08-27 15:50:00,-92.99454797229808,32.22828971368615
1572,2020-08-27 16:00:00,-92.9811916727985,32.27623964170378
1573,2020-08-27 16:10:00,-92.96771537680203,32.324196098198684
1574,2020-08-27 16:20:00,-92.95412831480844,32.37215858098026
1575,2020-08-27 16:30:00,-92.94043971731747,32.42012658785799
1576,2020-08-27 16:40:00,-92.92665881482891,32.46809961664128
1577,2020-08-27 16:50:00,-92.9127948378425,32.51607716513961
1578,2020-08-27 17:00:00,-92.898857016858,32.56405873116239
1579,2020-08-27 17:10:00,-92.88485458237517,32.61204381251909
1580,2020-08-27 17:20:00,-92.87079676489378,32.66003190701912
1581,2020-08-27 17:30:00,-92.85669279491358,32.70802251247194
1582,2020-08-27 17:40:00,-92.84255190293436,32.75601512668701
1583,2020-08-27 17:50:00,-92.82838331945584,32.80400924747374
1584,2020-08-27 18:00:00,-92.8141962749778,32.852004372641595
